http://dbpedia.org/resource/Kwame_Brown	http://dbpedia.org/ontology/team	http://dbpedia.org/resource/Charlotte_Bobcats	2010	2010	2012	1333
http://dbpedia.org/resource/Kwame_Brown	http://dbpedia.org/ontology/team	http://dbpedia.org/resource/Charlotte_Bobcats	2010	2010	2013	858
http://dbpedia.org/resource/Kwame_Brown	http://dbpedia.org/ontology/team	http://dbpedia.org/resource/Charlotte_Bobcats	2010	2010	2011	642
http://dbpedia.org/resource/Kwame_Brown	http://dbpedia.org/ontology/team	http://dbpedia.org/resource/Charlotte_Bobcats	2010	2010	2010	638
http://dbpedia.org/resource/Kwame_Brown	http://dbpedia.org/ontology/team	http://dbpedia.org/resource/Charlotte_Bobcats	2010	2010	2008	567
http://dbpedia.org/resource/Kwame_Brown	http://dbpedia.org/ontology/team	http://dbpedia.org/resource/Charlotte_Bobcats	2010	2010	2009	520
http://dbpedia.org/resource/Kwame_Brown	http://dbpedia.org/ontology/team	http://dbpedia.org/resource/Charlotte_Bobcats	2010	2010	2007	456
http://dbpedia.org/resource/Kwame_Brown	http://dbpedia.org/ontology/team	http://dbpedia.org/resource/Charlotte_Bobcats	2010	2010	2004	445
http://dbpedia.org/resource/Kwame_Brown	http://dbpedia.org/ontology/team	http://dbpedia.org/resource/Charlotte_Bobcats	2010	2010	2006	385
http://dbpedia.org/resource/Kwame_Brown	http://dbpedia.org/ontology/team	http://dbpedia.org/resource/Charlotte_Bobcats	2010	2010	2005	375
http://dbpedia.org/resource/Kwame_Brown	http://dbpedia.org/ontology/team	http://dbpedia.org/resource/Charlotte_Bobcats	2010	2010	2003	368
http://dbpedia.org/resource/Kwame_Brown	http://dbpedia.org/ontology/team	http://dbpedia.org/resource/Charlotte_Bobcats	2010	2010	2001	248
http://dbpedia.org/resource/Kwame_Brown	http://dbpedia.org/ontology/team	http://dbpedia.org/resource/Charlotte_Bobcats	2010	2010	2002	205
http://dbpedia.org/resource/Kwame_Brown	http://dbpedia.org/ontology/team	http://dbpedia.org/resource/Charlotte_Bobcats	2010	2010	1977	101
http://dbpedia.org/resource/Kwame_Brown	http://dbpedia.org/ontology/team	http://dbpedia.org/resource/Charlotte_Bobcats	2010	2010	1982	60
http://dbpedia.org/resource/Kwame_Brown	http://dbpedia.org/ontology/team	http://dbpedia.org/resource/Charlotte_Bobcats	2010	2010	1024	42
http://dbpedia.org/resource/Kwame_Brown	http://dbpedia.org/ontology/team	http://dbpedia.org/resource/Charlotte_Bobcats	2010	2010	1996	41
http://dbpedia.org/resource/Kwame_Brown	http://dbpedia.org/ontology/team	http://dbpedia.org/resource/Charlotte_Bobcats	2010	2010	1975	37
http://dbpedia.org/resource/Kwame_Brown	http://dbpedia.org/ontology/team	http://dbpedia.org/resource/Charlotte_Bobcats	2010	2010	1980	36
http://dbpedia.org/resource/Kwame_Brown	http://dbpedia.org/ontology/team	http://dbpedia.org/resource/Charlotte_Bobcats	2010	2010	1983	36
http://dbpedia.org/resource/Kwame_Brown	http://dbpedia.org/ontology/team	http://dbpedia.org/resource/Charlotte_Bobcats	2010	2010	1972	27
http://dbpedia.org/resource/Kwame_Brown	http://dbpedia.org/ontology/team	http://dbpedia.org/resource/Charlotte_Bobcats	2010	2010	1976	25
http://dbpedia.org/resource/Kwame_Brown	http://dbpedia.org/ontology/team	http://dbpedia.org/resource/Charlotte_Bobcats	2010	2010	1280	24
http://dbpedia.org/resource/Kwame_Brown	http://dbpedia.org/ontology/team	http://dbpedia.org/resource/Charlotte_Bobcats	2010	2010	1981	24
http://dbpedia.org/resource/Kwame_Brown	http://dbpedia.org/ontology/team	http://dbpedia.org/resource/Charlotte_Bobcats	2010	2010	1080	22
http://dbpedia.org/resource/Kwame_Brown	http://dbpedia.org/ontology/team	http://dbpedia.org/resource/Charlotte_Bobcats	2010	2010	1999	19
http://dbpedia.org/resource/Kwame_Brown	http://dbpedia.org/ontology/team	http://dbpedia.org/resource/Charlotte_Bobcats	2010	2010	1997	18
http://dbpedia.org/resource/Kwame_Brown	http://dbpedia.org/ontology/team	http://dbpedia.org/resource/Charlotte_Bobcats	2010	2010	1998	17
http://dbpedia.org/resource/Kwame_Brown	http://dbpedia.org/ontology/team	http://dbpedia.org/resource/Charlotte_Bobcats	2010	2010	1974	16
http://dbpedia.org/resource/Kwame_Brown	http://dbpedia.org/ontology/team	http://dbpedia.org/resource/Charlotte_Bobcats	2010	2010	1978	16
http://dbpedia.org/resource/Kwame_Brown	http://dbpedia.org/ontology/team	http://dbpedia.org/resource/Charlotte_Bobcats	2010	2010	2000	16
http://dbpedia.org/resource/Kwame_Brown	http://dbpedia.org/ontology/team	http://dbpedia.org/resource/Charlotte_Bobcats	2010	2010	1951	14
http://dbpedia.org/resource/Kwame_Brown	http://dbpedia.org/ontology/team	http://dbpedia.org/resource/Charlotte_Bobcats	2010	2010	1440	11
http://dbpedia.org/resource/Kwame_Brown	http://dbpedia.org/ontology/team	http://dbpedia.org/resource/Charlotte_Bobcats	2010	2010	1600	11
http://dbpedia.org/resource/Kwame_Brown	http://dbpedia.org/ontology/team	http://dbpedia.org/resource/Charlotte_Bobcats	2010	2010	1952	11
http://dbpedia.org/resource/Kwame_Brown	http://dbpedia.org/ontology/team	http://dbpedia.org/resource/Charlotte_Bobcats	2010	2010	1984	11
http://dbpedia.org/resource/Kwame_Brown	http://dbpedia.org/ontology/team	http://dbpedia.org/resource/Charlotte_Bobcats	2010	2010	1050	10
http://dbpedia.org/resource/Kwame_Brown	http://dbpedia.org/ontology/team	http://dbpedia.org/resource/Charlotte_Bobcats	2010	2010	1136	10
http://dbpedia.org/resource/Kwame_Brown	http://dbpedia.org/ontology/team	http://dbpedia.org/resource/Charlotte_Bobcats	2010	2010	1492	10
http://dbpedia.org/resource/Kwame_Brown	http://dbpedia.org/ontology/team	http://dbpedia.org/resource/Charlotte_Bobcats	2010	2010	1680	10
http://dbpedia.org/resource/Kwame_Brown	http://dbpedia.org/ontology/team	http://dbpedia.org/resource/Charlotte_Bobcats	2010	2010	1995	9
http://dbpedia.org/resource/Kwame_Brown	http://dbpedia.org/ontology/team	http://dbpedia.org/resource/Charlotte_Bobcats	2010	2010	1968	8
http://dbpedia.org/resource/Kwame_Brown	http://dbpedia.org/ontology/team	http://dbpedia.org/resource/Charlotte_Bobcats	2010	2010	1969	8
http://dbpedia.org/resource/Kwame_Brown	http://dbpedia.org/ontology/team	http://dbpedia.org/resource/Charlotte_Bobcats	2010	2010	1979	8
http://dbpedia.org/resource/Kwame_Brown	http://dbpedia.org/ontology/team	http://dbpedia.org/resource/Charlotte_Bobcats	2010	2010	1920	7
http://dbpedia.org/resource/Kwame_Brown	http://dbpedia.org/ontology/team	http://dbpedia.org/resource/Charlotte_Bobcats	2010	2010	1987	5
http://dbpedia.org/resource/Kwame_Brown	http://dbpedia.org/ontology/team	http://dbpedia.org/resource/Charlotte_Bobcats	2010	2010	1994	5
http://dbpedia.org/resource/Kwame_Brown	http://dbpedia.org/ontology/team	http://dbpedia.org/resource/Charlotte_Bobcats	2010	2010	1299	4
http://dbpedia.org/resource/Kwame_Brown	http://dbpedia.org/ontology/team	http://dbpedia.org/resource/Charlotte_Bobcats	2010	2010	1964	4
http://dbpedia.org/resource/Kwame_Brown	http://dbpedia.org/ontology/team	http://dbpedia.org/resource/Charlotte_Bobcats	2010	2010	1986	4
http://dbpedia.org/resource/Kwame_Brown	http://dbpedia.org/ontology/team	http://dbpedia.org/resource/Charlotte_Bobcats	2010	2010	1989	4
http://dbpedia.org/resource/Kwame_Brown	http://dbpedia.org/ontology/team	http://dbpedia.org/resource/Charlotte_Bobcats	2010	2010	1018	3
http://dbpedia.org/resource/Kwame_Brown	http://dbpedia.org/ontology/team	http://dbpedia.org/resource/Charlotte_Bobcats	2010	2010	1131	3
http://dbpedia.org/resource/Kwame_Brown	http://dbpedia.org/ontology/team	http://dbpedia.org/resource/Charlotte_Bobcats	2010	2010	1195	3
http://dbpedia.org/resource/Kwame_Brown	http://dbpedia.org/ontology/team	http://dbpedia.org/resource/Charlotte_Bobcats	2010	2010	1366	3
http://dbpedia.org/resource/Kwame_Brown	http://dbpedia.org/ontology/team	http://dbpedia.org/resource/Charlotte_Bobcats	2010	2010	1753	3
http://dbpedia.org/resource/Kwame_Brown	http://dbpedia.org/ontology/team	http://dbpedia.org/resource/Charlotte_Bobcats	2010	2010	1973	3
http://dbpedia.org/resource/Kwame_Brown	http://dbpedia.org/ontology/team	http://dbpedia.org/resource/Charlotte_Bobcats	2010	2010	1985	3
http://dbpedia.org/resource/Kwame_Brown	http://dbpedia.org/ontology/team	http://dbpedia.org/resource/Charlotte_Bobcats	2010	2010	1991	3
http://dbpedia.org/resource/Kwame_Brown	http://dbpedia.org/ontology/team	http://dbpedia.org/resource/Charlotte_Bobcats	2010	2010	1020	2
http://dbpedia.org/resource/Kwame_Brown	http://dbpedia.org/ontology/team	http://dbpedia.org/resource/Charlotte_Bobcats	2010	2010	1022	2
http://dbpedia.org/resource/Kwame_Brown	http://dbpedia.org/ontology/team	http://dbpedia.org/resource/Charlotte_Bobcats	2010	2010	1049	2
http://dbpedia.org/resource/Kwame_Brown	http://dbpedia.org/ontology/team	http://dbpedia.org/resource/Charlotte_Bobcats	2010	2010	1105	2
http://dbpedia.org/resource/Kwame_Brown	http://dbpedia.org/ontology/team	http://dbpedia.org/resource/Charlotte_Bobcats	2010	2010	1196	2
http://dbpedia.org/resource/Kwame_Brown	http://dbpedia.org/ontology/team	http://dbpedia.org/resource/Charlotte_Bobcats	2010	2010	1271	2
http://dbpedia.org/resource/Kwame_Brown	http://dbpedia.org/ontology/team	http://dbpedia.org/resource/Charlotte_Bobcats	2010	2010	1340	2
http://dbpedia.org/resource/Kwame_Brown	http://dbpedia.org/ontology/team	http://dbpedia.org/resource/Charlotte_Bobcats	2010	2010	1341	2
http://dbpedia.org/resource/Kwame_Brown	http://dbpedia.org/ontology/team	http://dbpedia.org/resource/Charlotte_Bobcats	2010	2010	1550	2
http://dbpedia.org/resource/Kwame_Brown	http://dbpedia.org/ontology/team	http://dbpedia.org/resource/Charlotte_Bobcats	2010	2010	1756	2
http://dbpedia.org/resource/Kwame_Brown	http://dbpedia.org/ontology/team	http://dbpedia.org/resource/Charlotte_Bobcats	2010	2010	1800	2
http://dbpedia.org/resource/Kwame_Brown	http://dbpedia.org/ontology/team	http://dbpedia.org/resource/Charlotte_Bobcats	2010	2010	1801	2
http://dbpedia.org/resource/Kwame_Brown	http://dbpedia.org/ontology/team	http://dbpedia.org/resource/Charlotte_Bobcats	2010	2010	1937	2
http://dbpedia.org/resource/Kwame_Brown	http://dbpedia.org/ontology/team	http://dbpedia.org/resource/Charlotte_Bobcats	2010	2010	1946	2
http://dbpedia.org/resource/Kwame_Brown	http://dbpedia.org/ontology/team	http://dbpedia.org/resource/Charlotte_Bobcats	2010	2010	1089	1
http://dbpedia.org/resource/Kwame_Brown	http://dbpedia.org/ontology/team	http://dbpedia.org/resource/Charlotte_Bobcats	2010	2010	1217	1
http://dbpedia.org/resource/Kwame_Brown	http://dbpedia.org/ontology/team	http://dbpedia.org/resource/Charlotte_Bobcats	2010	2010	1231	1
http://dbpedia.org/resource/Kwame_Brown	http://dbpedia.org/ontology/team	http://dbpedia.org/resource/Charlotte_Bobcats	2010	2010	1315	1
http://dbpedia.org/resource/Kwame_Brown	http://dbpedia.org/ontology/team	http://dbpedia.org/resource/Charlotte_Bobcats	2010	2010	1485	1
http://dbpedia.org/resource/Kwame_Brown	http://dbpedia.org/ontology/team	http://dbpedia.org/resource/Charlotte_Bobcats	2010	2010	1504	1
http://dbpedia.org/resource/Kwame_Brown	http://dbpedia.org/ontology/team	http://dbpedia.org/resource/Charlotte_Bobcats	2010	2010	1637	1
http://dbpedia.org/resource/Kwame_Brown	http://dbpedia.org/ontology/team	http://dbpedia.org/resource/Charlotte_Bobcats	2010	2010	1686	1
http://dbpedia.org/resource/Kwame_Brown	http://dbpedia.org/ontology/team	http://dbpedia.org/resource/Charlotte_Bobcats	2010	2010	1693	1
http://dbpedia.org/resource/Kwame_Brown	http://dbpedia.org/ontology/team	http://dbpedia.org/resource/Charlotte_Bobcats	2010	2010	1722	1
http://dbpedia.org/resource/Kwame_Brown	http://dbpedia.org/ontology/team	http://dbpedia.org/resource/Charlotte_Bobcats	2010	2010	1842	1
