http://dbpedia.org/resource/Jamal_Crawford	http://dbpedia.org/ontology/team	http://dbpedia.org/resource/Golden_State_Warriors	2008	2008	2008	80
http://dbpedia.org/resource/Jamal_Crawford	http://dbpedia.org/ontology/team	http://dbpedia.org/resource/Golden_State_Warriors	2008	2008	2009	69
http://dbpedia.org/resource/Jamal_Crawford	http://dbpedia.org/ontology/team	http://dbpedia.org/resource/Golden_State_Warriors	2008	2008	2005	17
http://dbpedia.org/resource/Jamal_Crawford	http://dbpedia.org/ontology/team	http://dbpedia.org/resource/Golden_State_Warriors	2008	2008	2007	8
http://dbpedia.org/resource/Jamal_Crawford	http://dbpedia.org/ontology/team	http://dbpedia.org/resource/Golden_State_Warriors	2008	2008	2006	5
http://dbpedia.org/resource/Jamal_Crawford	http://dbpedia.org/ontology/team	http://dbpedia.org/resource/Golden_State_Warriors	2008	2008	1968	4
http://dbpedia.org/resource/Jamal_Crawford	http://dbpedia.org/ontology/team	http://dbpedia.org/resource/Golden_State_Warriors	2008	2008	2013	4
http://dbpedia.org/resource/Jamal_Crawford	http://dbpedia.org/ontology/team	http://dbpedia.org/resource/Golden_State_Warriors	2008	2008	1980	2
http://dbpedia.org/resource/Jamal_Crawford	http://dbpedia.org/ontology/team	http://dbpedia.org/resource/Golden_State_Warriors	2008	2008	1089	1
