http://dbpedia.org/resource/Shaun_Livingston	http://dbpedia.org/ontology/team	http://dbpedia.org/resource/Miami_Heat	2008	2008	2012	1501
http://dbpedia.org/resource/Shaun_Livingston	http://dbpedia.org/ontology/team	http://dbpedia.org/resource/Miami_Heat	2008	2008	2013	970
http://dbpedia.org/resource/Shaun_Livingston	http://dbpedia.org/ontology/team	http://dbpedia.org/resource/Miami_Heat	2008	2008	2010	925
http://dbpedia.org/resource/Shaun_Livingston	http://dbpedia.org/ontology/team	http://dbpedia.org/resource/Miami_Heat	2008	2008	2011	919
http://dbpedia.org/resource/Shaun_Livingston	http://dbpedia.org/ontology/team	http://dbpedia.org/resource/Miami_Heat	2008	2008	2009	840
http://dbpedia.org/resource/Shaun_Livingston	http://dbpedia.org/ontology/team	http://dbpedia.org/resource/Miami_Heat	2008	2008	2008	760
http://dbpedia.org/resource/Shaun_Livingston	http://dbpedia.org/ontology/team	http://dbpedia.org/resource/Miami_Heat	2008	2008	2007	636
http://dbpedia.org/resource/Shaun_Livingston	http://dbpedia.org/ontology/team	http://dbpedia.org/resource/Miami_Heat	2008	2008	2004	547
http://dbpedia.org/resource/Shaun_Livingston	http://dbpedia.org/ontology/team	http://dbpedia.org/resource/Miami_Heat	2008	2008	2005	526
http://dbpedia.org/resource/Shaun_Livingston	http://dbpedia.org/ontology/team	http://dbpedia.org/resource/Miami_Heat	2008	2008	2006	472
http://dbpedia.org/resource/Shaun_Livingston	http://dbpedia.org/ontology/team	http://dbpedia.org/resource/Miami_Heat	2008	2008	2003	450
http://dbpedia.org/resource/Shaun_Livingston	http://dbpedia.org/ontology/team	http://dbpedia.org/resource/Miami_Heat	2008	2008	2001	274
http://dbpedia.org/resource/Shaun_Livingston	http://dbpedia.org/ontology/team	http://dbpedia.org/resource/Miami_Heat	2008	2008	2002	273
http://dbpedia.org/resource/Shaun_Livingston	http://dbpedia.org/ontology/team	http://dbpedia.org/resource/Miami_Heat	2008	2008	1977	104
http://dbpedia.org/resource/Shaun_Livingston	http://dbpedia.org/ontology/team	http://dbpedia.org/resource/Miami_Heat	2008	2008	1982	74
http://dbpedia.org/resource/Shaun_Livingston	http://dbpedia.org/ontology/team	http://dbpedia.org/resource/Miami_Heat	2008	2008	1024	42
http://dbpedia.org/resource/Shaun_Livingston	http://dbpedia.org/ontology/team	http://dbpedia.org/resource/Miami_Heat	2008	2008	1996	41
http://dbpedia.org/resource/Shaun_Livingston	http://dbpedia.org/ontology/team	http://dbpedia.org/resource/Miami_Heat	2008	2008	1981	39
http://dbpedia.org/resource/Shaun_Livingston	http://dbpedia.org/ontology/team	http://dbpedia.org/resource/Miami_Heat	2008	2008	1980	38
http://dbpedia.org/resource/Shaun_Livingston	http://dbpedia.org/ontology/team	http://dbpedia.org/resource/Miami_Heat	2008	2008	1975	37
http://dbpedia.org/resource/Shaun_Livingston	http://dbpedia.org/ontology/team	http://dbpedia.org/resource/Miami_Heat	2008	2008	1979	37
http://dbpedia.org/resource/Shaun_Livingston	http://dbpedia.org/ontology/team	http://dbpedia.org/resource/Miami_Heat	2008	2008	1983	36
http://dbpedia.org/resource/Shaun_Livingston	http://dbpedia.org/ontology/team	http://dbpedia.org/resource/Miami_Heat	2008	2008	1080	31
http://dbpedia.org/resource/Shaun_Livingston	http://dbpedia.org/ontology/team	http://dbpedia.org/resource/Miami_Heat	2008	2008	1999	30
http://dbpedia.org/resource/Shaun_Livingston	http://dbpedia.org/ontology/team	http://dbpedia.org/resource/Miami_Heat	2008	2008	1972	27
http://dbpedia.org/resource/Shaun_Livingston	http://dbpedia.org/ontology/team	http://dbpedia.org/resource/Miami_Heat	2008	2008	1976	25
http://dbpedia.org/resource/Shaun_Livingston	http://dbpedia.org/ontology/team	http://dbpedia.org/resource/Miami_Heat	2008	2008	1280	24
http://dbpedia.org/resource/Shaun_Livingston	http://dbpedia.org/ontology/team	http://dbpedia.org/resource/Miami_Heat	2008	2008	2000	23
http://dbpedia.org/resource/Shaun_Livingston	http://dbpedia.org/ontology/team	http://dbpedia.org/resource/Miami_Heat	2008	2008	1997	20
http://dbpedia.org/resource/Shaun_Livingston	http://dbpedia.org/ontology/team	http://dbpedia.org/resource/Miami_Heat	2008	2008	1998	17
http://dbpedia.org/resource/Shaun_Livingston	http://dbpedia.org/ontology/team	http://dbpedia.org/resource/Miami_Heat	2008	2008	1974	16
http://dbpedia.org/resource/Shaun_Livingston	http://dbpedia.org/ontology/team	http://dbpedia.org/resource/Miami_Heat	2008	2008	1978	16
http://dbpedia.org/resource/Shaun_Livingston	http://dbpedia.org/ontology/team	http://dbpedia.org/resource/Miami_Heat	2008	2008	1951	14
http://dbpedia.org/resource/Shaun_Livingston	http://dbpedia.org/ontology/team	http://dbpedia.org/resource/Miami_Heat	2008	2008	1136	11
http://dbpedia.org/resource/Shaun_Livingston	http://dbpedia.org/ontology/team	http://dbpedia.org/resource/Miami_Heat	2008	2008	1440	11
http://dbpedia.org/resource/Shaun_Livingston	http://dbpedia.org/ontology/team	http://dbpedia.org/resource/Miami_Heat	2008	2008	1600	11
http://dbpedia.org/resource/Shaun_Livingston	http://dbpedia.org/ontology/team	http://dbpedia.org/resource/Miami_Heat	2008	2008	1952	11
http://dbpedia.org/resource/Shaun_Livingston	http://dbpedia.org/ontology/team	http://dbpedia.org/resource/Miami_Heat	2008	2008	1984	11
http://dbpedia.org/resource/Shaun_Livingston	http://dbpedia.org/ontology/team	http://dbpedia.org/resource/Miami_Heat	2008	2008	1986	11
http://dbpedia.org/resource/Shaun_Livingston	http://dbpedia.org/ontology/team	http://dbpedia.org/resource/Miami_Heat	2008	2008	1987	11
http://dbpedia.org/resource/Shaun_Livingston	http://dbpedia.org/ontology/team	http://dbpedia.org/resource/Miami_Heat	2008	2008	1995	11
http://dbpedia.org/resource/Shaun_Livingston	http://dbpedia.org/ontology/team	http://dbpedia.org/resource/Miami_Heat	2008	2008	1050	10
http://dbpedia.org/resource/Shaun_Livingston	http://dbpedia.org/ontology/team	http://dbpedia.org/resource/Miami_Heat	2008	2008	1492	10
http://dbpedia.org/resource/Shaun_Livingston	http://dbpedia.org/ontology/team	http://dbpedia.org/resource/Miami_Heat	2008	2008	1680	10
http://dbpedia.org/resource/Shaun_Livingston	http://dbpedia.org/ontology/team	http://dbpedia.org/resource/Miami_Heat	2008	2008	1968	8
http://dbpedia.org/resource/Shaun_Livingston	http://dbpedia.org/ontology/team	http://dbpedia.org/resource/Miami_Heat	2008	2008	1969	8
http://dbpedia.org/resource/Shaun_Livingston	http://dbpedia.org/ontology/team	http://dbpedia.org/resource/Miami_Heat	2008	2008	1920	7
http://dbpedia.org/resource/Shaun_Livingston	http://dbpedia.org/ontology/team	http://dbpedia.org/resource/Miami_Heat	2008	2008	1994	5
http://dbpedia.org/resource/Shaun_Livingston	http://dbpedia.org/ontology/team	http://dbpedia.org/resource/Miami_Heat	2008	2008	1299	4
http://dbpedia.org/resource/Shaun_Livingston	http://dbpedia.org/ontology/team	http://dbpedia.org/resource/Miami_Heat	2008	2008	1441	4
http://dbpedia.org/resource/Shaun_Livingston	http://dbpedia.org/ontology/team	http://dbpedia.org/resource/Miami_Heat	2008	2008	1964	4
http://dbpedia.org/resource/Shaun_Livingston	http://dbpedia.org/ontology/team	http://dbpedia.org/resource/Miami_Heat	2008	2008	1989	4
http://dbpedia.org/resource/Shaun_Livingston	http://dbpedia.org/ontology/team	http://dbpedia.org/resource/Miami_Heat	2008	2008	1990	4
http://dbpedia.org/resource/Shaun_Livingston	http://dbpedia.org/ontology/team	http://dbpedia.org/resource/Miami_Heat	2008	2008	1991	4
http://dbpedia.org/resource/Shaun_Livingston	http://dbpedia.org/ontology/team	http://dbpedia.org/resource/Miami_Heat	2008	2008	1018	3
http://dbpedia.org/resource/Shaun_Livingston	http://dbpedia.org/ontology/team	http://dbpedia.org/resource/Miami_Heat	2008	2008	1131	3
http://dbpedia.org/resource/Shaun_Livingston	http://dbpedia.org/ontology/team	http://dbpedia.org/resource/Miami_Heat	2008	2008	1195	3
http://dbpedia.org/resource/Shaun_Livingston	http://dbpedia.org/ontology/team	http://dbpedia.org/resource/Miami_Heat	2008	2008	1366	3
http://dbpedia.org/resource/Shaun_Livingston	http://dbpedia.org/ontology/team	http://dbpedia.org/resource/Miami_Heat	2008	2008	1753	3
http://dbpedia.org/resource/Shaun_Livingston	http://dbpedia.org/ontology/team	http://dbpedia.org/resource/Miami_Heat	2008	2008	1973	3
http://dbpedia.org/resource/Shaun_Livingston	http://dbpedia.org/ontology/team	http://dbpedia.org/resource/Miami_Heat	2008	2008	1985	3
http://dbpedia.org/resource/Shaun_Livingston	http://dbpedia.org/ontology/team	http://dbpedia.org/resource/Miami_Heat	2008	2008	1020	2
http://dbpedia.org/resource/Shaun_Livingston	http://dbpedia.org/ontology/team	http://dbpedia.org/resource/Miami_Heat	2008	2008	1022	2
http://dbpedia.org/resource/Shaun_Livingston	http://dbpedia.org/ontology/team	http://dbpedia.org/resource/Miami_Heat	2008	2008	1049	2
http://dbpedia.org/resource/Shaun_Livingston	http://dbpedia.org/ontology/team	http://dbpedia.org/resource/Miami_Heat	2008	2008	1105	2
http://dbpedia.org/resource/Shaun_Livingston	http://dbpedia.org/ontology/team	http://dbpedia.org/resource/Miami_Heat	2008	2008	1196	2
http://dbpedia.org/resource/Shaun_Livingston	http://dbpedia.org/ontology/team	http://dbpedia.org/resource/Miami_Heat	2008	2008	1271	2
http://dbpedia.org/resource/Shaun_Livingston	http://dbpedia.org/ontology/team	http://dbpedia.org/resource/Miami_Heat	2008	2008	1340	2
http://dbpedia.org/resource/Shaun_Livingston	http://dbpedia.org/ontology/team	http://dbpedia.org/resource/Miami_Heat	2008	2008	1341	2
http://dbpedia.org/resource/Shaun_Livingston	http://dbpedia.org/ontology/team	http://dbpedia.org/resource/Miami_Heat	2008	2008	1347	2
http://dbpedia.org/resource/Shaun_Livingston	http://dbpedia.org/ontology/team	http://dbpedia.org/resource/Miami_Heat	2008	2008	1550	2
http://dbpedia.org/resource/Shaun_Livingston	http://dbpedia.org/ontology/team	http://dbpedia.org/resource/Miami_Heat	2008	2008	1593	2
http://dbpedia.org/resource/Shaun_Livingston	http://dbpedia.org/ontology/team	http://dbpedia.org/resource/Miami_Heat	2008	2008	1700	2
http://dbpedia.org/resource/Shaun_Livingston	http://dbpedia.org/ontology/team	http://dbpedia.org/resource/Miami_Heat	2008	2008	1756	2
http://dbpedia.org/resource/Shaun_Livingston	http://dbpedia.org/ontology/team	http://dbpedia.org/resource/Miami_Heat	2008	2008	1800	2
http://dbpedia.org/resource/Shaun_Livingston	http://dbpedia.org/ontology/team	http://dbpedia.org/resource/Miami_Heat	2008	2008	1801	2
http://dbpedia.org/resource/Shaun_Livingston	http://dbpedia.org/ontology/team	http://dbpedia.org/resource/Miami_Heat	2008	2008	1896	2
http://dbpedia.org/resource/Shaun_Livingston	http://dbpedia.org/ontology/team	http://dbpedia.org/resource/Miami_Heat	2008	2008	1937	2
http://dbpedia.org/resource/Shaun_Livingston	http://dbpedia.org/ontology/team	http://dbpedia.org/resource/Miami_Heat	2008	2008	1946	2
http://dbpedia.org/resource/Shaun_Livingston	http://dbpedia.org/ontology/team	http://dbpedia.org/resource/Miami_Heat	2008	2008	1000	1
http://dbpedia.org/resource/Shaun_Livingston	http://dbpedia.org/ontology/team	http://dbpedia.org/resource/Miami_Heat	2008	2008	1089	1
http://dbpedia.org/resource/Shaun_Livingston	http://dbpedia.org/ontology/team	http://dbpedia.org/resource/Miami_Heat	2008	2008	1217	1
http://dbpedia.org/resource/Shaun_Livingston	http://dbpedia.org/ontology/team	http://dbpedia.org/resource/Miami_Heat	2008	2008	1231	1
http://dbpedia.org/resource/Shaun_Livingston	http://dbpedia.org/ontology/team	http://dbpedia.org/resource/Miami_Heat	2008	2008	1315	1
http://dbpedia.org/resource/Shaun_Livingston	http://dbpedia.org/ontology/team	http://dbpedia.org/resource/Miami_Heat	2008	2008	1485	1
http://dbpedia.org/resource/Shaun_Livingston	http://dbpedia.org/ontology/team	http://dbpedia.org/resource/Miami_Heat	2008	2008	1504	1
http://dbpedia.org/resource/Shaun_Livingston	http://dbpedia.org/ontology/team	http://dbpedia.org/resource/Miami_Heat	2008	2008	1637	1
http://dbpedia.org/resource/Shaun_Livingston	http://dbpedia.org/ontology/team	http://dbpedia.org/resource/Miami_Heat	2008	2008	1686	1
http://dbpedia.org/resource/Shaun_Livingston	http://dbpedia.org/ontology/team	http://dbpedia.org/resource/Miami_Heat	2008	2008	1693	1
http://dbpedia.org/resource/Shaun_Livingston	http://dbpedia.org/ontology/team	http://dbpedia.org/resource/Miami_Heat	2008	2008	1722	1
http://dbpedia.org/resource/Shaun_Livingston	http://dbpedia.org/ontology/team	http://dbpedia.org/resource/Miami_Heat	2008	2008	1842	1
http://dbpedia.org/resource/Shaun_Livingston	http://dbpedia.org/ontology/team	http://dbpedia.org/resource/Miami_Heat	2008	2008	1955	1
http://dbpedia.org/resource/Shaun_Livingston	http://dbpedia.org/ontology/team	http://dbpedia.org/resource/Miami_Heat	2008	2008	1988	1
