http://dbpedia.org/resource/Carlos_Boozer	http://dbpedia.org/ontology/team	http://dbpedia.org/resource/Cleveland_Cavaliers	2002	2004	2012	1008
http://dbpedia.org/resource/Carlos_Boozer	http://dbpedia.org/ontology/team	http://dbpedia.org/resource/Cleveland_Cavaliers	2002	2004	2008	545
http://dbpedia.org/resource/Carlos_Boozer	http://dbpedia.org/ontology/team	http://dbpedia.org/resource/Cleveland_Cavaliers	2002	2004	2011	528
http://dbpedia.org/resource/Carlos_Boozer	http://dbpedia.org/ontology/team	http://dbpedia.org/resource/Cleveland_Cavaliers	2002	2004	2013	527
http://dbpedia.org/resource/Carlos_Boozer	http://dbpedia.org/ontology/team	http://dbpedia.org/resource/Cleveland_Cavaliers	2002	2004	2009	496
http://dbpedia.org/resource/Carlos_Boozer	http://dbpedia.org/ontology/team	http://dbpedia.org/resource/Cleveland_Cavaliers	2002	2004	2010	434
http://dbpedia.org/resource/Carlos_Boozer	http://dbpedia.org/ontology/team	http://dbpedia.org/resource/Cleveland_Cavaliers	2002	2004	2007	420
http://dbpedia.org/resource/Carlos_Boozer	http://dbpedia.org/ontology/team	http://dbpedia.org/resource/Cleveland_Cavaliers	2002	2004	2004	405
http://dbpedia.org/resource/Carlos_Boozer	http://dbpedia.org/ontology/team	http://dbpedia.org/resource/Cleveland_Cavaliers	2002	2004	2003	346
http://dbpedia.org/resource/Carlos_Boozer	http://dbpedia.org/ontology/team	http://dbpedia.org/resource/Cleveland_Cavaliers	2002	2004	2006	297
http://dbpedia.org/resource/Carlos_Boozer	http://dbpedia.org/ontology/team	http://dbpedia.org/resource/Cleveland_Cavaliers	2002	2004	2005	271
http://dbpedia.org/resource/Carlos_Boozer	http://dbpedia.org/ontology/team	http://dbpedia.org/resource/Cleveland_Cavaliers	2002	2004	2002	155
http://dbpedia.org/resource/Carlos_Boozer	http://dbpedia.org/ontology/team	http://dbpedia.org/resource/Cleveland_Cavaliers	2002	2004	2001	128
http://dbpedia.org/resource/Carlos_Boozer	http://dbpedia.org/ontology/team	http://dbpedia.org/resource/Cleveland_Cavaliers	2002	2004	1977	89
http://dbpedia.org/resource/Carlos_Boozer	http://dbpedia.org/ontology/team	http://dbpedia.org/resource/Cleveland_Cavaliers	2002	2004	1996	41
http://dbpedia.org/resource/Carlos_Boozer	http://dbpedia.org/ontology/team	http://dbpedia.org/resource/Cleveland_Cavaliers	2002	2004	1982	38
http://dbpedia.org/resource/Carlos_Boozer	http://dbpedia.org/ontology/team	http://dbpedia.org/resource/Cleveland_Cavaliers	2002	2004	1975	37
http://dbpedia.org/resource/Carlos_Boozer	http://dbpedia.org/ontology/team	http://dbpedia.org/resource/Cleveland_Cavaliers	2002	2004	1980	36
http://dbpedia.org/resource/Carlos_Boozer	http://dbpedia.org/ontology/team	http://dbpedia.org/resource/Cleveland_Cavaliers	2002	2004	1983	36
http://dbpedia.org/resource/Carlos_Boozer	http://dbpedia.org/ontology/team	http://dbpedia.org/resource/Cleveland_Cavaliers	2002	2004	1976	24
http://dbpedia.org/resource/Carlos_Boozer	http://dbpedia.org/ontology/team	http://dbpedia.org/resource/Cleveland_Cavaliers	2002	2004	1981	20
http://dbpedia.org/resource/Carlos_Boozer	http://dbpedia.org/ontology/team	http://dbpedia.org/resource/Cleveland_Cavaliers	2002	2004	1999	19
http://dbpedia.org/resource/Carlos_Boozer	http://dbpedia.org/ontology/team	http://dbpedia.org/resource/Cleveland_Cavaliers	2002	2004	1997	18
http://dbpedia.org/resource/Carlos_Boozer	http://dbpedia.org/ontology/team	http://dbpedia.org/resource/Cleveland_Cavaliers	2002	2004	1998	17
http://dbpedia.org/resource/Carlos_Boozer	http://dbpedia.org/ontology/team	http://dbpedia.org/resource/Cleveland_Cavaliers	2002	2004	2000	16
http://dbpedia.org/resource/Carlos_Boozer	http://dbpedia.org/ontology/team	http://dbpedia.org/resource/Cleveland_Cavaliers	2002	2004	1974	15
http://dbpedia.org/resource/Carlos_Boozer	http://dbpedia.org/ontology/team	http://dbpedia.org/resource/Cleveland_Cavaliers	2002	2004	1978	12
http://dbpedia.org/resource/Carlos_Boozer	http://dbpedia.org/ontology/team	http://dbpedia.org/resource/Cleveland_Cavaliers	2002	2004	1492	10
http://dbpedia.org/resource/Carlos_Boozer	http://dbpedia.org/ontology/team	http://dbpedia.org/resource/Cleveland_Cavaliers	2002	2004	1984	10
http://dbpedia.org/resource/Carlos_Boozer	http://dbpedia.org/ontology/team	http://dbpedia.org/resource/Cleveland_Cavaliers	2002	2004	1995	9
http://dbpedia.org/resource/Carlos_Boozer	http://dbpedia.org/ontology/team	http://dbpedia.org/resource/Cleveland_Cavaliers	2002	2004	1969	8
http://dbpedia.org/resource/Carlos_Boozer	http://dbpedia.org/ontology/team	http://dbpedia.org/resource/Cleveland_Cavaliers	2002	2004	1979	8
http://dbpedia.org/resource/Carlos_Boozer	http://dbpedia.org/ontology/team	http://dbpedia.org/resource/Cleveland_Cavaliers	2002	2004	1968	6
http://dbpedia.org/resource/Carlos_Boozer	http://dbpedia.org/ontology/team	http://dbpedia.org/resource/Cleveland_Cavaliers	2002	2004	1080	4
http://dbpedia.org/resource/Carlos_Boozer	http://dbpedia.org/ontology/team	http://dbpedia.org/resource/Cleveland_Cavaliers	2002	2004	1280	4
http://dbpedia.org/resource/Carlos_Boozer	http://dbpedia.org/ontology/team	http://dbpedia.org/resource/Cleveland_Cavaliers	2002	2004	1299	4
http://dbpedia.org/resource/Carlos_Boozer	http://dbpedia.org/ontology/team	http://dbpedia.org/resource/Cleveland_Cavaliers	2002	2004	1952	4
http://dbpedia.org/resource/Carlos_Boozer	http://dbpedia.org/ontology/team	http://dbpedia.org/resource/Cleveland_Cavaliers	2002	2004	1989	4
http://dbpedia.org/resource/Carlos_Boozer	http://dbpedia.org/ontology/team	http://dbpedia.org/resource/Cleveland_Cavaliers	2002	2004	1994	4
http://dbpedia.org/resource/Carlos_Boozer	http://dbpedia.org/ontology/team	http://dbpedia.org/resource/Cleveland_Cavaliers	2002	2004	1018	3
http://dbpedia.org/resource/Carlos_Boozer	http://dbpedia.org/ontology/team	http://dbpedia.org/resource/Cleveland_Cavaliers	2002	2004	1024	3
http://dbpedia.org/resource/Carlos_Boozer	http://dbpedia.org/ontology/team	http://dbpedia.org/resource/Cleveland_Cavaliers	2002	2004	1131	3
http://dbpedia.org/resource/Carlos_Boozer	http://dbpedia.org/ontology/team	http://dbpedia.org/resource/Cleveland_Cavaliers	2002	2004	1195	3
http://dbpedia.org/resource/Carlos_Boozer	http://dbpedia.org/ontology/team	http://dbpedia.org/resource/Cleveland_Cavaliers	2002	2004	1753	3
http://dbpedia.org/resource/Carlos_Boozer	http://dbpedia.org/ontology/team	http://dbpedia.org/resource/Cleveland_Cavaliers	2002	2004	1020	2
http://dbpedia.org/resource/Carlos_Boozer	http://dbpedia.org/ontology/team	http://dbpedia.org/resource/Cleveland_Cavaliers	2002	2004	1022	2
http://dbpedia.org/resource/Carlos_Boozer	http://dbpedia.org/ontology/team	http://dbpedia.org/resource/Cleveland_Cavaliers	2002	2004	1049	2
http://dbpedia.org/resource/Carlos_Boozer	http://dbpedia.org/ontology/team	http://dbpedia.org/resource/Cleveland_Cavaliers	2002	2004	1196	2
http://dbpedia.org/resource/Carlos_Boozer	http://dbpedia.org/ontology/team	http://dbpedia.org/resource/Cleveland_Cavaliers	2002	2004	1340	2
http://dbpedia.org/resource/Carlos_Boozer	http://dbpedia.org/ontology/team	http://dbpedia.org/resource/Cleveland_Cavaliers	2002	2004	1550	2
http://dbpedia.org/resource/Carlos_Boozer	http://dbpedia.org/ontology/team	http://dbpedia.org/resource/Cleveland_Cavaliers	2002	2004	1756	2
http://dbpedia.org/resource/Carlos_Boozer	http://dbpedia.org/ontology/team	http://dbpedia.org/resource/Cleveland_Cavaliers	2002	2004	1800	2
http://dbpedia.org/resource/Carlos_Boozer	http://dbpedia.org/ontology/team	http://dbpedia.org/resource/Cleveland_Cavaliers	2002	2004	1946	2
http://dbpedia.org/resource/Carlos_Boozer	http://dbpedia.org/ontology/team	http://dbpedia.org/resource/Cleveland_Cavaliers	2002	2004	1985	2
http://dbpedia.org/resource/Carlos_Boozer	http://dbpedia.org/ontology/team	http://dbpedia.org/resource/Cleveland_Cavaliers	2002	2004	1089	1
http://dbpedia.org/resource/Carlos_Boozer	http://dbpedia.org/ontology/team	http://dbpedia.org/resource/Cleveland_Cavaliers	2002	2004	1217	1
http://dbpedia.org/resource/Carlos_Boozer	http://dbpedia.org/ontology/team	http://dbpedia.org/resource/Cleveland_Cavaliers	2002	2004	1231	1
http://dbpedia.org/resource/Carlos_Boozer	http://dbpedia.org/ontology/team	http://dbpedia.org/resource/Cleveland_Cavaliers	2002	2004	1315	1
http://dbpedia.org/resource/Carlos_Boozer	http://dbpedia.org/ontology/team	http://dbpedia.org/resource/Cleveland_Cavaliers	2002	2004	1485	1
http://dbpedia.org/resource/Carlos_Boozer	http://dbpedia.org/ontology/team	http://dbpedia.org/resource/Cleveland_Cavaliers	2002	2004	1504	1
http://dbpedia.org/resource/Carlos_Boozer	http://dbpedia.org/ontology/team	http://dbpedia.org/resource/Cleveland_Cavaliers	2002	2004	1637	1
http://dbpedia.org/resource/Carlos_Boozer	http://dbpedia.org/ontology/team	http://dbpedia.org/resource/Cleveland_Cavaliers	2002	2004	1693	1
http://dbpedia.org/resource/Carlos_Boozer	http://dbpedia.org/ontology/team	http://dbpedia.org/resource/Cleveland_Cavaliers	2002	2004	1722	1
http://dbpedia.org/resource/Carlos_Boozer	http://dbpedia.org/ontology/team	http://dbpedia.org/resource/Cleveland_Cavaliers	2002	2004	1842	1
http://dbpedia.org/resource/Carlos_Boozer	http://dbpedia.org/ontology/team	http://dbpedia.org/resource/Cleveland_Cavaliers	2002	2004	1986	1
http://dbpedia.org/resource/Carlos_Boozer	http://dbpedia.org/ontology/team	http://dbpedia.org/resource/Cleveland_Cavaliers	2002	2004	1987	1
