http://dbpedia.org/resource/Derek_Fisher	http://dbpedia.org/ontology/team	http://dbpedia.org/resource/Utah_Jazz	2006	2006	2012	722
http://dbpedia.org/resource/Derek_Fisher	http://dbpedia.org/ontology/team	http://dbpedia.org/resource/Utah_Jazz	2006	2006	2008	428
http://dbpedia.org/resource/Derek_Fisher	http://dbpedia.org/ontology/team	http://dbpedia.org/resource/Utah_Jazz	2006	2006	2009	425
http://dbpedia.org/resource/Derek_Fisher	http://dbpedia.org/ontology/team	http://dbpedia.org/resource/Utah_Jazz	2006	2006	2013	394
http://dbpedia.org/resource/Derek_Fisher	http://dbpedia.org/ontology/team	http://dbpedia.org/resource/Utah_Jazz	2006	2006	2007	307
http://dbpedia.org/resource/Derek_Fisher	http://dbpedia.org/ontology/team	http://dbpedia.org/resource/Utah_Jazz	2006	2006	2010	273
http://dbpedia.org/resource/Derek_Fisher	http://dbpedia.org/ontology/team	http://dbpedia.org/resource/Utah_Jazz	2006	2006	2006	258
http://dbpedia.org/resource/Derek_Fisher	http://dbpedia.org/ontology/team	http://dbpedia.org/resource/Utah_Jazz	2006	2006	2011	210
http://dbpedia.org/resource/Derek_Fisher	http://dbpedia.org/ontology/team	http://dbpedia.org/resource/Utah_Jazz	2006	2006	2005	172
http://dbpedia.org/resource/Derek_Fisher	http://dbpedia.org/ontology/team	http://dbpedia.org/resource/Utah_Jazz	2006	2006	2004	155
http://dbpedia.org/resource/Derek_Fisher	http://dbpedia.org/ontology/team	http://dbpedia.org/resource/Utah_Jazz	2006	2006	2003	152
http://dbpedia.org/resource/Derek_Fisher	http://dbpedia.org/ontology/team	http://dbpedia.org/resource/Utah_Jazz	2006	2006	2001	64
http://dbpedia.org/resource/Derek_Fisher	http://dbpedia.org/ontology/team	http://dbpedia.org/resource/Utah_Jazz	2006	2006	2002	51
http://dbpedia.org/resource/Derek_Fisher	http://dbpedia.org/ontology/team	http://dbpedia.org/resource/Utah_Jazz	2006	2006	1996	41
http://dbpedia.org/resource/Derek_Fisher	http://dbpedia.org/ontology/team	http://dbpedia.org/resource/Utah_Jazz	2006	2006	1982	38
http://dbpedia.org/resource/Derek_Fisher	http://dbpedia.org/ontology/team	http://dbpedia.org/resource/Utah_Jazz	2006	2006	1983	36
http://dbpedia.org/resource/Derek_Fisher	http://dbpedia.org/ontology/team	http://dbpedia.org/resource/Utah_Jazz	2006	2006	1980	23
http://dbpedia.org/resource/Derek_Fisher	http://dbpedia.org/ontology/team	http://dbpedia.org/resource/Utah_Jazz	2006	2006	1999	19
http://dbpedia.org/resource/Derek_Fisher	http://dbpedia.org/ontology/team	http://dbpedia.org/resource/Utah_Jazz	2006	2006	1976	16
http://dbpedia.org/resource/Derek_Fisher	http://dbpedia.org/ontology/team	http://dbpedia.org/resource/Utah_Jazz	2006	2006	2000	13
http://dbpedia.org/resource/Derek_Fisher	http://dbpedia.org/ontology/team	http://dbpedia.org/resource/Utah_Jazz	2006	2006	1978	12
http://dbpedia.org/resource/Derek_Fisher	http://dbpedia.org/ontology/team	http://dbpedia.org/resource/Utah_Jazz	2006	2006	1984	10
http://dbpedia.org/resource/Derek_Fisher	http://dbpedia.org/ontology/team	http://dbpedia.org/resource/Utah_Jazz	2006	2006	1998	10
http://dbpedia.org/resource/Derek_Fisher	http://dbpedia.org/ontology/team	http://dbpedia.org/resource/Utah_Jazz	2006	2006	1974	8
http://dbpedia.org/resource/Derek_Fisher	http://dbpedia.org/ontology/team	http://dbpedia.org/resource/Utah_Jazz	2006	2006	1979	8
http://dbpedia.org/resource/Derek_Fisher	http://dbpedia.org/ontology/team	http://dbpedia.org/resource/Utah_Jazz	2006	2006	1968	6
http://dbpedia.org/resource/Derek_Fisher	http://dbpedia.org/ontology/team	http://dbpedia.org/resource/Utah_Jazz	2006	2006	1977	6
http://dbpedia.org/resource/Derek_Fisher	http://dbpedia.org/ontology/team	http://dbpedia.org/resource/Utah_Jazz	2006	2006	1997	6
http://dbpedia.org/resource/Derek_Fisher	http://dbpedia.org/ontology/team	http://dbpedia.org/resource/Utah_Jazz	2006	2006	1995	5
http://dbpedia.org/resource/Derek_Fisher	http://dbpedia.org/ontology/team	http://dbpedia.org/resource/Utah_Jazz	2006	2006	1299	4
http://dbpedia.org/resource/Derek_Fisher	http://dbpedia.org/ontology/team	http://dbpedia.org/resource/Utah_Jazz	2006	2006	1952	4
http://dbpedia.org/resource/Derek_Fisher	http://dbpedia.org/ontology/team	http://dbpedia.org/resource/Utah_Jazz	2006	2006	1981	4
http://dbpedia.org/resource/Derek_Fisher	http://dbpedia.org/ontology/team	http://dbpedia.org/resource/Utah_Jazz	2006	2006	1994	4
http://dbpedia.org/resource/Derek_Fisher	http://dbpedia.org/ontology/team	http://dbpedia.org/resource/Utah_Jazz	2006	2006	1018	3
http://dbpedia.org/resource/Derek_Fisher	http://dbpedia.org/ontology/team	http://dbpedia.org/resource/Utah_Jazz	2006	2006	1131	3
http://dbpedia.org/resource/Derek_Fisher	http://dbpedia.org/ontology/team	http://dbpedia.org/resource/Utah_Jazz	2006	2006	1195	3
http://dbpedia.org/resource/Derek_Fisher	http://dbpedia.org/ontology/team	http://dbpedia.org/resource/Utah_Jazz	2006	2006	1049	2
http://dbpedia.org/resource/Derek_Fisher	http://dbpedia.org/ontology/team	http://dbpedia.org/resource/Utah_Jazz	2006	2006	1196	2
http://dbpedia.org/resource/Derek_Fisher	http://dbpedia.org/ontology/team	http://dbpedia.org/resource/Utah_Jazz	2006	2006	1550	2
http://dbpedia.org/resource/Derek_Fisher	http://dbpedia.org/ontology/team	http://dbpedia.org/resource/Utah_Jazz	2006	2006	1756	2
http://dbpedia.org/resource/Derek_Fisher	http://dbpedia.org/ontology/team	http://dbpedia.org/resource/Utah_Jazz	2006	2006	1800	2
http://dbpedia.org/resource/Derek_Fisher	http://dbpedia.org/ontology/team	http://dbpedia.org/resource/Utah_Jazz	2006	2006	1089	1
http://dbpedia.org/resource/Derek_Fisher	http://dbpedia.org/ontology/team	http://dbpedia.org/resource/Utah_Jazz	2006	2006	1217	1
http://dbpedia.org/resource/Derek_Fisher	http://dbpedia.org/ontology/team	http://dbpedia.org/resource/Utah_Jazz	2006	2006	1315	1
http://dbpedia.org/resource/Derek_Fisher	http://dbpedia.org/ontology/team	http://dbpedia.org/resource/Utah_Jazz	2006	2006	1504	1
http://dbpedia.org/resource/Derek_Fisher	http://dbpedia.org/ontology/team	http://dbpedia.org/resource/Utah_Jazz	2006	2006	1637	1
http://dbpedia.org/resource/Derek_Fisher	http://dbpedia.org/ontology/team	http://dbpedia.org/resource/Utah_Jazz	2006	2006	1722	1
http://dbpedia.org/resource/Derek_Fisher	http://dbpedia.org/ontology/team	http://dbpedia.org/resource/Utah_Jazz	2006	2006	1842	1
http://dbpedia.org/resource/Derek_Fisher	http://dbpedia.org/ontology/team	http://dbpedia.org/resource/Utah_Jazz	2006	2006	1985	1
http://dbpedia.org/resource/Derek_Fisher	http://dbpedia.org/ontology/team	http://dbpedia.org/resource/Utah_Jazz	2006	2006	1986	1
