http://dbpedia.org/resource/Amir_Johnson	http://dbpedia.org/ontology/team	http://dbpedia.org/resource/Detroit_Pistons	2005	2009	2005	17
http://dbpedia.org/resource/Amir_Johnson	http://dbpedia.org/ontology/team	http://dbpedia.org/resource/Detroit_Pistons	2005	2009	2007	8
http://dbpedia.org/resource/Amir_Johnson	http://dbpedia.org/ontology/team	http://dbpedia.org/resource/Detroit_Pistons	2005	2009	2008	6
http://dbpedia.org/resource/Amir_Johnson	http://dbpedia.org/ontology/team	http://dbpedia.org/resource/Detroit_Pistons	2005	2009	2006	5
http://dbpedia.org/resource/Amir_Johnson	http://dbpedia.org/ontology/team	http://dbpedia.org/resource/Detroit_Pistons	2005	2009	1968	4
http://dbpedia.org/resource/Amir_Johnson	http://dbpedia.org/ontology/team	http://dbpedia.org/resource/Detroit_Pistons	2005	2009	2009	3
