http://dbpedia.org/resource/Derek_Fisher	http://dbpedia.org/ontology/team	http://dbpedia.org/resource/Oklahoma_City_Thunder	2011	2011	2012	1001
http://dbpedia.org/resource/Derek_Fisher	http://dbpedia.org/ontology/team	http://dbpedia.org/resource/Oklahoma_City_Thunder	2011	2011	2008	532
http://dbpedia.org/resource/Derek_Fisher	http://dbpedia.org/ontology/team	http://dbpedia.org/resource/Oklahoma_City_Thunder	2011	2011	2011	514
http://dbpedia.org/resource/Derek_Fisher	http://dbpedia.org/ontology/team	http://dbpedia.org/resource/Oklahoma_City_Thunder	2011	2011	2009	482
http://dbpedia.org/resource/Derek_Fisher	http://dbpedia.org/ontology/team	http://dbpedia.org/resource/Oklahoma_City_Thunder	2011	2011	2013	474
http://dbpedia.org/resource/Derek_Fisher	http://dbpedia.org/ontology/team	http://dbpedia.org/resource/Oklahoma_City_Thunder	2011	2011	2010	398
http://dbpedia.org/resource/Derek_Fisher	http://dbpedia.org/ontology/team	http://dbpedia.org/resource/Oklahoma_City_Thunder	2011	2011	2007	382
http://dbpedia.org/resource/Derek_Fisher	http://dbpedia.org/ontology/team	http://dbpedia.org/resource/Oklahoma_City_Thunder	2011	2011	2006	274
http://dbpedia.org/resource/Derek_Fisher	http://dbpedia.org/ontology/team	http://dbpedia.org/resource/Oklahoma_City_Thunder	2011	2011	2005	219
http://dbpedia.org/resource/Derek_Fisher	http://dbpedia.org/ontology/team	http://dbpedia.org/resource/Oklahoma_City_Thunder	2011	2011	2004	210
http://dbpedia.org/resource/Derek_Fisher	http://dbpedia.org/ontology/team	http://dbpedia.org/resource/Oklahoma_City_Thunder	2011	2011	2003	204
http://dbpedia.org/resource/Derek_Fisher	http://dbpedia.org/ontology/team	http://dbpedia.org/resource/Oklahoma_City_Thunder	2011	2011	2002	126
http://dbpedia.org/resource/Derek_Fisher	http://dbpedia.org/ontology/team	http://dbpedia.org/resource/Oklahoma_City_Thunder	2011	2011	2001	95
http://dbpedia.org/resource/Derek_Fisher	http://dbpedia.org/ontology/team	http://dbpedia.org/resource/Oklahoma_City_Thunder	2011	2011	1996	41
http://dbpedia.org/resource/Derek_Fisher	http://dbpedia.org/ontology/team	http://dbpedia.org/resource/Oklahoma_City_Thunder	2011	2011	1982	38
http://dbpedia.org/resource/Derek_Fisher	http://dbpedia.org/ontology/team	http://dbpedia.org/resource/Oklahoma_City_Thunder	2011	2011	1975	37
http://dbpedia.org/resource/Derek_Fisher	http://dbpedia.org/ontology/team	http://dbpedia.org/resource/Oklahoma_City_Thunder	2011	2011	1980	36
http://dbpedia.org/resource/Derek_Fisher	http://dbpedia.org/ontology/team	http://dbpedia.org/resource/Oklahoma_City_Thunder	2011	2011	1983	36
http://dbpedia.org/resource/Derek_Fisher	http://dbpedia.org/ontology/team	http://dbpedia.org/resource/Oklahoma_City_Thunder	2011	2011	1976	24
http://dbpedia.org/resource/Derek_Fisher	http://dbpedia.org/ontology/team	http://dbpedia.org/resource/Oklahoma_City_Thunder	2011	2011	1999	19
http://dbpedia.org/resource/Derek_Fisher	http://dbpedia.org/ontology/team	http://dbpedia.org/resource/Oklahoma_City_Thunder	2011	2011	2000	14
http://dbpedia.org/resource/Derek_Fisher	http://dbpedia.org/ontology/team	http://dbpedia.org/resource/Oklahoma_City_Thunder	2011	2011	1974	13
http://dbpedia.org/resource/Derek_Fisher	http://dbpedia.org/ontology/team	http://dbpedia.org/resource/Oklahoma_City_Thunder	2011	2011	1977	13
http://dbpedia.org/resource/Derek_Fisher	http://dbpedia.org/ontology/team	http://dbpedia.org/resource/Oklahoma_City_Thunder	2011	2011	1978	12
http://dbpedia.org/resource/Derek_Fisher	http://dbpedia.org/ontology/team	http://dbpedia.org/resource/Oklahoma_City_Thunder	2011	2011	1981	12
http://dbpedia.org/resource/Derek_Fisher	http://dbpedia.org/ontology/team	http://dbpedia.org/resource/Oklahoma_City_Thunder	2011	2011	1998	12
http://dbpedia.org/resource/Derek_Fisher	http://dbpedia.org/ontology/team	http://dbpedia.org/resource/Oklahoma_City_Thunder	2011	2011	1492	10
http://dbpedia.org/resource/Derek_Fisher	http://dbpedia.org/ontology/team	http://dbpedia.org/resource/Oklahoma_City_Thunder	2011	2011	1984	10
http://dbpedia.org/resource/Derek_Fisher	http://dbpedia.org/ontology/team	http://dbpedia.org/resource/Oklahoma_City_Thunder	2011	2011	1969	8
http://dbpedia.org/resource/Derek_Fisher	http://dbpedia.org/ontology/team	http://dbpedia.org/resource/Oklahoma_City_Thunder	2011	2011	1979	8
http://dbpedia.org/resource/Derek_Fisher	http://dbpedia.org/ontology/team	http://dbpedia.org/resource/Oklahoma_City_Thunder	2011	2011	1997	8
http://dbpedia.org/resource/Derek_Fisher	http://dbpedia.org/ontology/team	http://dbpedia.org/resource/Oklahoma_City_Thunder	2011	2011	1968	6
http://dbpedia.org/resource/Derek_Fisher	http://dbpedia.org/ontology/team	http://dbpedia.org/resource/Oklahoma_City_Thunder	2011	2011	1995	5
http://dbpedia.org/resource/Derek_Fisher	http://dbpedia.org/ontology/team	http://dbpedia.org/resource/Oklahoma_City_Thunder	2011	2011	1080	4
http://dbpedia.org/resource/Derek_Fisher	http://dbpedia.org/ontology/team	http://dbpedia.org/resource/Oklahoma_City_Thunder	2011	2011	1299	4
http://dbpedia.org/resource/Derek_Fisher	http://dbpedia.org/ontology/team	http://dbpedia.org/resource/Oklahoma_City_Thunder	2011	2011	1952	4
http://dbpedia.org/resource/Derek_Fisher	http://dbpedia.org/ontology/team	http://dbpedia.org/resource/Oklahoma_City_Thunder	2011	2011	1994	4
http://dbpedia.org/resource/Derek_Fisher	http://dbpedia.org/ontology/team	http://dbpedia.org/resource/Oklahoma_City_Thunder	2011	2011	1018	3
http://dbpedia.org/resource/Derek_Fisher	http://dbpedia.org/ontology/team	http://dbpedia.org/resource/Oklahoma_City_Thunder	2011	2011	1131	3
http://dbpedia.org/resource/Derek_Fisher	http://dbpedia.org/ontology/team	http://dbpedia.org/resource/Oklahoma_City_Thunder	2011	2011	1195	3
http://dbpedia.org/resource/Derek_Fisher	http://dbpedia.org/ontology/team	http://dbpedia.org/resource/Oklahoma_City_Thunder	2011	2011	1753	3
http://dbpedia.org/resource/Derek_Fisher	http://dbpedia.org/ontology/team	http://dbpedia.org/resource/Oklahoma_City_Thunder	2011	2011	1020	2
http://dbpedia.org/resource/Derek_Fisher	http://dbpedia.org/ontology/team	http://dbpedia.org/resource/Oklahoma_City_Thunder	2011	2011	1022	2
http://dbpedia.org/resource/Derek_Fisher	http://dbpedia.org/ontology/team	http://dbpedia.org/resource/Oklahoma_City_Thunder	2011	2011	1049	2
http://dbpedia.org/resource/Derek_Fisher	http://dbpedia.org/ontology/team	http://dbpedia.org/resource/Oklahoma_City_Thunder	2011	2011	1196	2
http://dbpedia.org/resource/Derek_Fisher	http://dbpedia.org/ontology/team	http://dbpedia.org/resource/Oklahoma_City_Thunder	2011	2011	1340	2
http://dbpedia.org/resource/Derek_Fisher	http://dbpedia.org/ontology/team	http://dbpedia.org/resource/Oklahoma_City_Thunder	2011	2011	1550	2
http://dbpedia.org/resource/Derek_Fisher	http://dbpedia.org/ontology/team	http://dbpedia.org/resource/Oklahoma_City_Thunder	2011	2011	1756	2
http://dbpedia.org/resource/Derek_Fisher	http://dbpedia.org/ontology/team	http://dbpedia.org/resource/Oklahoma_City_Thunder	2011	2011	1800	2
http://dbpedia.org/resource/Derek_Fisher	http://dbpedia.org/ontology/team	http://dbpedia.org/resource/Oklahoma_City_Thunder	2011	2011	1946	2
http://dbpedia.org/resource/Derek_Fisher	http://dbpedia.org/ontology/team	http://dbpedia.org/resource/Oklahoma_City_Thunder	2011	2011	1985	2
http://dbpedia.org/resource/Derek_Fisher	http://dbpedia.org/ontology/team	http://dbpedia.org/resource/Oklahoma_City_Thunder	2011	2011	1989	2
http://dbpedia.org/resource/Derek_Fisher	http://dbpedia.org/ontology/team	http://dbpedia.org/resource/Oklahoma_City_Thunder	2011	2011	1089	1
http://dbpedia.org/resource/Derek_Fisher	http://dbpedia.org/ontology/team	http://dbpedia.org/resource/Oklahoma_City_Thunder	2011	2011	1217	1
http://dbpedia.org/resource/Derek_Fisher	http://dbpedia.org/ontology/team	http://dbpedia.org/resource/Oklahoma_City_Thunder	2011	2011	1231	1
http://dbpedia.org/resource/Derek_Fisher	http://dbpedia.org/ontology/team	http://dbpedia.org/resource/Oklahoma_City_Thunder	2011	2011	1315	1
http://dbpedia.org/resource/Derek_Fisher	http://dbpedia.org/ontology/team	http://dbpedia.org/resource/Oklahoma_City_Thunder	2011	2011	1485	1
http://dbpedia.org/resource/Derek_Fisher	http://dbpedia.org/ontology/team	http://dbpedia.org/resource/Oklahoma_City_Thunder	2011	2011	1504	1
http://dbpedia.org/resource/Derek_Fisher	http://dbpedia.org/ontology/team	http://dbpedia.org/resource/Oklahoma_City_Thunder	2011	2011	1637	1
http://dbpedia.org/resource/Derek_Fisher	http://dbpedia.org/ontology/team	http://dbpedia.org/resource/Oklahoma_City_Thunder	2011	2011	1693	1
http://dbpedia.org/resource/Derek_Fisher	http://dbpedia.org/ontology/team	http://dbpedia.org/resource/Oklahoma_City_Thunder	2011	2011	1722	1
http://dbpedia.org/resource/Derek_Fisher	http://dbpedia.org/ontology/team	http://dbpedia.org/resource/Oklahoma_City_Thunder	2011	2011	1842	1
http://dbpedia.org/resource/Derek_Fisher	http://dbpedia.org/ontology/team	http://dbpedia.org/resource/Oklahoma_City_Thunder	2011	2011	1986	1
http://dbpedia.org/resource/Derek_Fisher	http://dbpedia.org/ontology/team	http://dbpedia.org/resource/Oklahoma_City_Thunder	2011	2011	1987	1
