http://dbpedia.org/resource/Christina_Milian	http://dbpedia.org/ontology/spouse	http://dbpedia.org/resource/The-Dream	2009	2010	2010	62
http://dbpedia.org/resource/Christina_Milian	http://dbpedia.org/ontology/spouse	http://dbpedia.org/resource/The-Dream	2009	2010	2009	42
http://dbpedia.org/resource/Christina_Milian	http://dbpedia.org/ontology/spouse	http://dbpedia.org/resource/The-Dream	2009	2010	2011	15
http://dbpedia.org/resource/Christina_Milian	http://dbpedia.org/ontology/spouse	http://dbpedia.org/resource/The-Dream	2009	2010	2013	13
http://dbpedia.org/resource/Christina_Milian	http://dbpedia.org/ontology/spouse	http://dbpedia.org/resource/The-Dream	2009	2010	2012	11
http://dbpedia.org/resource/Christina_Milian	http://dbpedia.org/ontology/spouse	http://dbpedia.org/resource/The-Dream	2009	2010	2007	6
http://dbpedia.org/resource/Christina_Milian	http://dbpedia.org/ontology/spouse	http://dbpedia.org/resource/The-Dream	2009	2010	1978	3
http://dbpedia.org/resource/Christina_Milian	http://dbpedia.org/ontology/spouse	http://dbpedia.org/resource/The-Dream	2009	2010	2008	2
http://dbpedia.org/resource/Christina_Milian	http://dbpedia.org/ontology/spouse	http://dbpedia.org/resource/The-Dream	2009	2010	2005	1
