null	http://dbpedia.org/ontology/spouse	http://dbpedia.org/resource/Christel_Khalil	2006	2011	2010	1517
null	http://dbpedia.org/ontology/spouse	http://dbpedia.org/resource/Christel_Khalil	2006	2011	2011	1126
null	http://dbpedia.org/ontology/spouse	http://dbpedia.org/resource/Christel_Khalil	2006	2011	2013	1050
null	http://dbpedia.org/ontology/spouse	http://dbpedia.org/resource/Christel_Khalil	2006	2011	2009	982
null	http://dbpedia.org/ontology/spouse	http://dbpedia.org/resource/Christel_Khalil	2006	2011	2008	977
null	http://dbpedia.org/ontology/spouse	http://dbpedia.org/resource/Christel_Khalil	2006	2011	2012	925
null	http://dbpedia.org/ontology/spouse	http://dbpedia.org/resource/Christel_Khalil	2006	2011	2006	553
null	http://dbpedia.org/ontology/spouse	http://dbpedia.org/resource/Christel_Khalil	2006	2011	2007	406
null	http://dbpedia.org/ontology/spouse	http://dbpedia.org/resource/Christel_Khalil	2006	2011	2005	395
null	http://dbpedia.org/ontology/spouse	http://dbpedia.org/resource/Christel_Khalil	2006	2011	2004	334
null	http://dbpedia.org/ontology/spouse	http://dbpedia.org/resource/Christel_Khalil	2006	2011	2003	109
null	http://dbpedia.org/ontology/spouse	http://dbpedia.org/resource/Christel_Khalil	2006	2011	1980	54
null	http://dbpedia.org/ontology/spouse	http://dbpedia.org/resource/Christel_Khalil	2006	2011	2002	44
null	http://dbpedia.org/ontology/spouse	http://dbpedia.org/resource/Christel_Khalil	2006	2011	1979	43
null	http://dbpedia.org/ontology/spouse	http://dbpedia.org/resource/Christel_Khalil	2006	2011	1965	36
null	http://dbpedia.org/ontology/spouse	http://dbpedia.org/resource/Christel_Khalil	2006	2011	2001	29
null	http://dbpedia.org/ontology/spouse	http://dbpedia.org/resource/Christel_Khalil	2006	2011	2000	21
null	http://dbpedia.org/ontology/spouse	http://dbpedia.org/resource/Christel_Khalil	2006	2011	1968	20
null	http://dbpedia.org/ontology/spouse	http://dbpedia.org/resource/Christel_Khalil	2006	2011	1969	20
null	http://dbpedia.org/ontology/spouse	http://dbpedia.org/resource/Christel_Khalil	2006	2011	1981	19
null	http://dbpedia.org/ontology/spouse	http://dbpedia.org/resource/Christel_Khalil	2006	2011	1984	19
null	http://dbpedia.org/ontology/spouse	http://dbpedia.org/resource/Christel_Khalil	2006	2011	1975	18
null	http://dbpedia.org/ontology/spouse	http://dbpedia.org/resource/Christel_Khalil	2006	2011	1999	18
null	http://dbpedia.org/ontology/spouse	http://dbpedia.org/resource/Christel_Khalil	2006	2011	1973	15
null	http://dbpedia.org/ontology/spouse	http://dbpedia.org/resource/Christel_Khalil	2006	2011	1964	13
null	http://dbpedia.org/ontology/spouse	http://dbpedia.org/resource/Christel_Khalil	2006	2011	1976	13
null	http://dbpedia.org/ontology/spouse	http://dbpedia.org/resource/Christel_Khalil	2006	2011	1978	12
null	http://dbpedia.org/ontology/spouse	http://dbpedia.org/resource/Christel_Khalil	2006	2011	1996	12
null	http://dbpedia.org/ontology/spouse	http://dbpedia.org/resource/Christel_Khalil	2006	2011	1977	11
null	http://dbpedia.org/ontology/spouse	http://dbpedia.org/resource/Christel_Khalil	2006	2011	1998	9
null	http://dbpedia.org/ontology/spouse	http://dbpedia.org/resource/Christel_Khalil	2006	2011	1437	8
null	http://dbpedia.org/ontology/spouse	http://dbpedia.org/resource/Christel_Khalil	2006	2011	1572	8
null	http://dbpedia.org/ontology/spouse	http://dbpedia.org/resource/Christel_Khalil	2006	2011	1650	8
null	http://dbpedia.org/ontology/spouse	http://dbpedia.org/resource/Christel_Khalil	2006	2011	1917	8
null	http://dbpedia.org/ontology/spouse	http://dbpedia.org/resource/Christel_Khalil	2006	2011	1962	8
null	http://dbpedia.org/ontology/spouse	http://dbpedia.org/resource/Christel_Khalil	2006	2011	1982	8
null	http://dbpedia.org/ontology/spouse	http://dbpedia.org/resource/Christel_Khalil	2006	2011	1923	7
null	http://dbpedia.org/ontology/spouse	http://dbpedia.org/resource/Christel_Khalil	2006	2011	1958	7
null	http://dbpedia.org/ontology/spouse	http://dbpedia.org/resource/Christel_Khalil	2006	2011	1476	6
null	http://dbpedia.org/ontology/spouse	http://dbpedia.org/resource/Christel_Khalil	2006	2011	1723	6
null	http://dbpedia.org/ontology/spouse	http://dbpedia.org/resource/Christel_Khalil	2006	2011	1990	6
null	http://dbpedia.org/ontology/spouse	http://dbpedia.org/resource/Christel_Khalil	2006	2011	1992	6
null	http://dbpedia.org/ontology/spouse	http://dbpedia.org/resource/Christel_Khalil	2006	2011	1966	5
null	http://dbpedia.org/ontology/spouse	http://dbpedia.org/resource/Christel_Khalil	2006	2011	1970	5
null	http://dbpedia.org/ontology/spouse	http://dbpedia.org/resource/Christel_Khalil	2006	2011	1972	5
null	http://dbpedia.org/ontology/spouse	http://dbpedia.org/resource/Christel_Khalil	2006	2011	1993	5
null	http://dbpedia.org/ontology/spouse	http://dbpedia.org/resource/Christel_Khalil	2006	2011	1000	4
null	http://dbpedia.org/ontology/spouse	http://dbpedia.org/resource/Christel_Khalil	2006	2011	1005	4
null	http://dbpedia.org/ontology/spouse	http://dbpedia.org/resource/Christel_Khalil	2006	2011	1259	4
null	http://dbpedia.org/ontology/spouse	http://dbpedia.org/resource/Christel_Khalil	2006	2011	1523	4
null	http://dbpedia.org/ontology/spouse	http://dbpedia.org/resource/Christel_Khalil	2006	2011	1706	4
null	http://dbpedia.org/ontology/spouse	http://dbpedia.org/resource/Christel_Khalil	2006	2011	1959	4
null	http://dbpedia.org/ontology/spouse	http://dbpedia.org/resource/Christel_Khalil	2006	2011	1983	4
null	http://dbpedia.org/ontology/spouse	http://dbpedia.org/resource/Christel_Khalil	2006	2011	1987	4
null	http://dbpedia.org/ontology/spouse	http://dbpedia.org/resource/Christel_Khalil	2006	2011	1997	4
null	http://dbpedia.org/ontology/spouse	http://dbpedia.org/resource/Christel_Khalil	2006	2011	1282	3
null	http://dbpedia.org/ontology/spouse	http://dbpedia.org/resource/Christel_Khalil	2006	2011	1994	3
null	http://dbpedia.org/ontology/spouse	http://dbpedia.org/resource/Christel_Khalil	2006	2011	1001	2
null	http://dbpedia.org/ontology/spouse	http://dbpedia.org/resource/Christel_Khalil	2006	2011	1065	2
null	http://dbpedia.org/ontology/spouse	http://dbpedia.org/resource/Christel_Khalil	2006	2011	1142	2
null	http://dbpedia.org/ontology/spouse	http://dbpedia.org/resource/Christel_Khalil	2006	2011	1157	2
null	http://dbpedia.org/ontology/spouse	http://dbpedia.org/resource/Christel_Khalil	2006	2011	1630	2
null	http://dbpedia.org/ontology/spouse	http://dbpedia.org/resource/Christel_Khalil	2006	2011	1637	2
null	http://dbpedia.org/ontology/spouse	http://dbpedia.org/resource/Christel_Khalil	2006	2011	1646	2
null	http://dbpedia.org/ontology/spouse	http://dbpedia.org/resource/Christel_Khalil	2006	2011	1952	2
null	http://dbpedia.org/ontology/spouse	http://dbpedia.org/resource/Christel_Khalil	2006	2011	1971	2
null	http://dbpedia.org/ontology/spouse	http://dbpedia.org/resource/Christel_Khalil	2006	2011	1985	2
null	http://dbpedia.org/ontology/spouse	http://dbpedia.org/resource/Christel_Khalil	2006	2011	1991	2
null	http://dbpedia.org/ontology/spouse	http://dbpedia.org/resource/Christel_Khalil	2006	2011	1995	2
null	http://dbpedia.org/ontology/spouse	http://dbpedia.org/resource/Christel_Khalil	2006	2011	1047	1
null	http://dbpedia.org/ontology/spouse	http://dbpedia.org/resource/Christel_Khalil	2006	2011	1136	1
null	http://dbpedia.org/ontology/spouse	http://dbpedia.org/resource/Christel_Khalil	2006	2011	1335	1
null	http://dbpedia.org/ontology/spouse	http://dbpedia.org/resource/Christel_Khalil	2006	2011	1416	1
null	http://dbpedia.org/ontology/spouse	http://dbpedia.org/resource/Christel_Khalil	2006	2011	1420	1
null	http://dbpedia.org/ontology/spouse	http://dbpedia.org/resource/Christel_Khalil	2006	2011	1500	1
null	http://dbpedia.org/ontology/spouse	http://dbpedia.org/resource/Christel_Khalil	2006	2011	1740	1
null	http://dbpedia.org/ontology/spouse	http://dbpedia.org/resource/Christel_Khalil	2006	2011	1854	1
null	http://dbpedia.org/ontology/spouse	http://dbpedia.org/resource/Christel_Khalil	2006	2011	1899	1
null	http://dbpedia.org/ontology/spouse	http://dbpedia.org/resource/Christel_Khalil	2006	2011	1908	1
null	http://dbpedia.org/ontology/spouse	http://dbpedia.org/resource/Christel_Khalil	2006	2011	1911	1
null	http://dbpedia.org/ontology/spouse	http://dbpedia.org/resource/Christel_Khalil	2006	2011	1925	1
null	http://dbpedia.org/ontology/spouse	http://dbpedia.org/resource/Christel_Khalil	2006	2011	1939	1
null	http://dbpedia.org/ontology/spouse	http://dbpedia.org/resource/Christel_Khalil	2006	2011	1942	1
null	http://dbpedia.org/ontology/spouse	http://dbpedia.org/resource/Christel_Khalil	2006	2011	1943	1
null	http://dbpedia.org/ontology/spouse	http://dbpedia.org/resource/Christel_Khalil	2006	2011	1945	1
null	http://dbpedia.org/ontology/spouse	http://dbpedia.org/resource/Christel_Khalil	2006	2011	1948	1
null	http://dbpedia.org/ontology/spouse	http://dbpedia.org/resource/Christel_Khalil	2006	2011	1953	1
null	http://dbpedia.org/ontology/spouse	http://dbpedia.org/resource/Christel_Khalil	2006	2011	1954	1
null	http://dbpedia.org/ontology/spouse	http://dbpedia.org/resource/Christel_Khalil	2006	2011	1974	1
null	http://dbpedia.org/ontology/spouse	http://dbpedia.org/resource/Christel_Khalil	2006	2011	1986	1
null	http://dbpedia.org/ontology/spouse	http://dbpedia.org/resource/Christel_Khalil	2006	2011	1989	1
