http://dbpedia.org/resource/Brittany_Murphy	http://dbpedia.org/ontology/spouse	http://dbpedia.org/resource/Simon_Monjack	1984	2006	2010	1796
http://dbpedia.org/resource/Brittany_Murphy	http://dbpedia.org/ontology/spouse	http://dbpedia.org/resource/Simon_Monjack	1984	2006	2011	1302
http://dbpedia.org/resource/Brittany_Murphy	http://dbpedia.org/ontology/spouse	http://dbpedia.org/resource/Simon_Monjack	1984	2006	2013	1106
http://dbpedia.org/resource/Brittany_Murphy	http://dbpedia.org/ontology/spouse	http://dbpedia.org/resource/Simon_Monjack	1984	2006	2009	1074
http://dbpedia.org/resource/Brittany_Murphy	http://dbpedia.org/ontology/spouse	http://dbpedia.org/resource/Simon_Monjack	1984	2006	2012	993
http://dbpedia.org/resource/Brittany_Murphy	http://dbpedia.org/ontology/spouse	http://dbpedia.org/resource/Simon_Monjack	1984	2006	2008	985
http://dbpedia.org/resource/Brittany_Murphy	http://dbpedia.org/ontology/spouse	http://dbpedia.org/resource/Simon_Monjack	1984	2006	2006	555
http://dbpedia.org/resource/Brittany_Murphy	http://dbpedia.org/ontology/spouse	http://dbpedia.org/resource/Simon_Monjack	1984	2006	2007	420
http://dbpedia.org/resource/Brittany_Murphy	http://dbpedia.org/ontology/spouse	http://dbpedia.org/resource/Simon_Monjack	1984	2006	2005	400
http://dbpedia.org/resource/Brittany_Murphy	http://dbpedia.org/ontology/spouse	http://dbpedia.org/resource/Simon_Monjack	1984	2006	2004	336
http://dbpedia.org/resource/Brittany_Murphy	http://dbpedia.org/ontology/spouse	http://dbpedia.org/resource/Simon_Monjack	1984	2006	2003	118
http://dbpedia.org/resource/Brittany_Murphy	http://dbpedia.org/ontology/spouse	http://dbpedia.org/resource/Simon_Monjack	1984	2006	1980	54
http://dbpedia.org/resource/Brittany_Murphy	http://dbpedia.org/ontology/spouse	http://dbpedia.org/resource/Simon_Monjack	1984	2006	2002	46
http://dbpedia.org/resource/Brittany_Murphy	http://dbpedia.org/ontology/spouse	http://dbpedia.org/resource/Simon_Monjack	1984	2006	1979	44
http://dbpedia.org/resource/Brittany_Murphy	http://dbpedia.org/ontology/spouse	http://dbpedia.org/resource/Simon_Monjack	1984	2006	1965	36
http://dbpedia.org/resource/Brittany_Murphy	http://dbpedia.org/ontology/spouse	http://dbpedia.org/resource/Simon_Monjack	1984	2006	2001	34
http://dbpedia.org/resource/Brittany_Murphy	http://dbpedia.org/ontology/spouse	http://dbpedia.org/resource/Simon_Monjack	1984	2006	2000	30
http://dbpedia.org/resource/Brittany_Murphy	http://dbpedia.org/ontology/spouse	http://dbpedia.org/resource/Simon_Monjack	1984	2006	1968	20
http://dbpedia.org/resource/Brittany_Murphy	http://dbpedia.org/ontology/spouse	http://dbpedia.org/resource/Simon_Monjack	1984	2006	1969	20
http://dbpedia.org/resource/Brittany_Murphy	http://dbpedia.org/ontology/spouse	http://dbpedia.org/resource/Simon_Monjack	1984	2006	1981	19
http://dbpedia.org/resource/Brittany_Murphy	http://dbpedia.org/ontology/spouse	http://dbpedia.org/resource/Simon_Monjack	1984	2006	1984	19
http://dbpedia.org/resource/Brittany_Murphy	http://dbpedia.org/ontology/spouse	http://dbpedia.org/resource/Simon_Monjack	1984	2006	1975	18
http://dbpedia.org/resource/Brittany_Murphy	http://dbpedia.org/ontology/spouse	http://dbpedia.org/resource/Simon_Monjack	1984	2006	1999	18
http://dbpedia.org/resource/Brittany_Murphy	http://dbpedia.org/ontology/spouse	http://dbpedia.org/resource/Simon_Monjack	1984	2006	1973	17
http://dbpedia.org/resource/Brittany_Murphy	http://dbpedia.org/ontology/spouse	http://dbpedia.org/resource/Simon_Monjack	1984	2006	1964	13
http://dbpedia.org/resource/Brittany_Murphy	http://dbpedia.org/ontology/spouse	http://dbpedia.org/resource/Simon_Monjack	1984	2006	1976	13
http://dbpedia.org/resource/Brittany_Murphy	http://dbpedia.org/ontology/spouse	http://dbpedia.org/resource/Simon_Monjack	1984	2006	1977	13
http://dbpedia.org/resource/Brittany_Murphy	http://dbpedia.org/ontology/spouse	http://dbpedia.org/resource/Simon_Monjack	1984	2006	1978	12
http://dbpedia.org/resource/Brittany_Murphy	http://dbpedia.org/ontology/spouse	http://dbpedia.org/resource/Simon_Monjack	1984	2006	1996	12
http://dbpedia.org/resource/Brittany_Murphy	http://dbpedia.org/ontology/spouse	http://dbpedia.org/resource/Simon_Monjack	1984	2006	1962	11
http://dbpedia.org/resource/Brittany_Murphy	http://dbpedia.org/ontology/spouse	http://dbpedia.org/resource/Simon_Monjack	1984	2006	1982	9
http://dbpedia.org/resource/Brittany_Murphy	http://dbpedia.org/ontology/spouse	http://dbpedia.org/resource/Simon_Monjack	1984	2006	1998	9
http://dbpedia.org/resource/Brittany_Murphy	http://dbpedia.org/ontology/spouse	http://dbpedia.org/resource/Simon_Monjack	1984	2006	1437	8
http://dbpedia.org/resource/Brittany_Murphy	http://dbpedia.org/ontology/spouse	http://dbpedia.org/resource/Simon_Monjack	1984	2006	1572	8
http://dbpedia.org/resource/Brittany_Murphy	http://dbpedia.org/ontology/spouse	http://dbpedia.org/resource/Simon_Monjack	1984	2006	1650	8
http://dbpedia.org/resource/Brittany_Murphy	http://dbpedia.org/ontology/spouse	http://dbpedia.org/resource/Simon_Monjack	1984	2006	1917	8
http://dbpedia.org/resource/Brittany_Murphy	http://dbpedia.org/ontology/spouse	http://dbpedia.org/resource/Simon_Monjack	1984	2006	1970	8
http://dbpedia.org/resource/Brittany_Murphy	http://dbpedia.org/ontology/spouse	http://dbpedia.org/resource/Simon_Monjack	1984	2006	1923	7
http://dbpedia.org/resource/Brittany_Murphy	http://dbpedia.org/ontology/spouse	http://dbpedia.org/resource/Simon_Monjack	1984	2006	1958	7
http://dbpedia.org/resource/Brittany_Murphy	http://dbpedia.org/ontology/spouse	http://dbpedia.org/resource/Simon_Monjack	1984	2006	1476	6
http://dbpedia.org/resource/Brittany_Murphy	http://dbpedia.org/ontology/spouse	http://dbpedia.org/resource/Simon_Monjack	1984	2006	1723	6
http://dbpedia.org/resource/Brittany_Murphy	http://dbpedia.org/ontology/spouse	http://dbpedia.org/resource/Simon_Monjack	1984	2006	1957	6
http://dbpedia.org/resource/Brittany_Murphy	http://dbpedia.org/ontology/spouse	http://dbpedia.org/resource/Simon_Monjack	1984	2006	1990	6
http://dbpedia.org/resource/Brittany_Murphy	http://dbpedia.org/ontology/spouse	http://dbpedia.org/resource/Simon_Monjack	1984	2006	1992	6
http://dbpedia.org/resource/Brittany_Murphy	http://dbpedia.org/ontology/spouse	http://dbpedia.org/resource/Simon_Monjack	1984	2006	1966	5
http://dbpedia.org/resource/Brittany_Murphy	http://dbpedia.org/ontology/spouse	http://dbpedia.org/resource/Simon_Monjack	1984	2006	1972	5
http://dbpedia.org/resource/Brittany_Murphy	http://dbpedia.org/ontology/spouse	http://dbpedia.org/resource/Simon_Monjack	1984	2006	1993	5
http://dbpedia.org/resource/Brittany_Murphy	http://dbpedia.org/ontology/spouse	http://dbpedia.org/resource/Simon_Monjack	1984	2006	1000	4
http://dbpedia.org/resource/Brittany_Murphy	http://dbpedia.org/ontology/spouse	http://dbpedia.org/resource/Simon_Monjack	1984	2006	1005	4
http://dbpedia.org/resource/Brittany_Murphy	http://dbpedia.org/ontology/spouse	http://dbpedia.org/resource/Simon_Monjack	1984	2006	1259	4
http://dbpedia.org/resource/Brittany_Murphy	http://dbpedia.org/ontology/spouse	http://dbpedia.org/resource/Simon_Monjack	1984	2006	1523	4
http://dbpedia.org/resource/Brittany_Murphy	http://dbpedia.org/ontology/spouse	http://dbpedia.org/resource/Simon_Monjack	1984	2006	1706	4
http://dbpedia.org/resource/Brittany_Murphy	http://dbpedia.org/ontology/spouse	http://dbpedia.org/resource/Simon_Monjack	1984	2006	1959	4
http://dbpedia.org/resource/Brittany_Murphy	http://dbpedia.org/ontology/spouse	http://dbpedia.org/resource/Simon_Monjack	1984	2006	1983	4
http://dbpedia.org/resource/Brittany_Murphy	http://dbpedia.org/ontology/spouse	http://dbpedia.org/resource/Simon_Monjack	1984	2006	1987	4
http://dbpedia.org/resource/Brittany_Murphy	http://dbpedia.org/ontology/spouse	http://dbpedia.org/resource/Simon_Monjack	1984	2006	1997	4
http://dbpedia.org/resource/Brittany_Murphy	http://dbpedia.org/ontology/spouse	http://dbpedia.org/resource/Simon_Monjack	1984	2006	1282	3
http://dbpedia.org/resource/Brittany_Murphy	http://dbpedia.org/ontology/spouse	http://dbpedia.org/resource/Simon_Monjack	1984	2006	1986	3
http://dbpedia.org/resource/Brittany_Murphy	http://dbpedia.org/ontology/spouse	http://dbpedia.org/resource/Simon_Monjack	1984	2006	1994	3
http://dbpedia.org/resource/Brittany_Murphy	http://dbpedia.org/ontology/spouse	http://dbpedia.org/resource/Simon_Monjack	1984	2006	1001	2
http://dbpedia.org/resource/Brittany_Murphy	http://dbpedia.org/ontology/spouse	http://dbpedia.org/resource/Simon_Monjack	1984	2006	1065	2
http://dbpedia.org/resource/Brittany_Murphy	http://dbpedia.org/ontology/spouse	http://dbpedia.org/resource/Simon_Monjack	1984	2006	1142	2
http://dbpedia.org/resource/Brittany_Murphy	http://dbpedia.org/ontology/spouse	http://dbpedia.org/resource/Simon_Monjack	1984	2006	1157	2
http://dbpedia.org/resource/Brittany_Murphy	http://dbpedia.org/ontology/spouse	http://dbpedia.org/resource/Simon_Monjack	1984	2006	1630	2
http://dbpedia.org/resource/Brittany_Murphy	http://dbpedia.org/ontology/spouse	http://dbpedia.org/resource/Simon_Monjack	1984	2006	1637	2
http://dbpedia.org/resource/Brittany_Murphy	http://dbpedia.org/ontology/spouse	http://dbpedia.org/resource/Simon_Monjack	1984	2006	1646	2
http://dbpedia.org/resource/Brittany_Murphy	http://dbpedia.org/ontology/spouse	http://dbpedia.org/resource/Simon_Monjack	1984	2006	1952	2
http://dbpedia.org/resource/Brittany_Murphy	http://dbpedia.org/ontology/spouse	http://dbpedia.org/resource/Simon_Monjack	1984	2006	1971	2
http://dbpedia.org/resource/Brittany_Murphy	http://dbpedia.org/ontology/spouse	http://dbpedia.org/resource/Simon_Monjack	1984	2006	1985	2
http://dbpedia.org/resource/Brittany_Murphy	http://dbpedia.org/ontology/spouse	http://dbpedia.org/resource/Simon_Monjack	1984	2006	1991	2
http://dbpedia.org/resource/Brittany_Murphy	http://dbpedia.org/ontology/spouse	http://dbpedia.org/resource/Simon_Monjack	1984	2006	1995	2
http://dbpedia.org/resource/Brittany_Murphy	http://dbpedia.org/ontology/spouse	http://dbpedia.org/resource/Simon_Monjack	1984	2006	1047	1
http://dbpedia.org/resource/Brittany_Murphy	http://dbpedia.org/ontology/spouse	http://dbpedia.org/resource/Simon_Monjack	1984	2006	1136	1
http://dbpedia.org/resource/Brittany_Murphy	http://dbpedia.org/ontology/spouse	http://dbpedia.org/resource/Simon_Monjack	1984	2006	1335	1
http://dbpedia.org/resource/Brittany_Murphy	http://dbpedia.org/ontology/spouse	http://dbpedia.org/resource/Simon_Monjack	1984	2006	1416	1
http://dbpedia.org/resource/Brittany_Murphy	http://dbpedia.org/ontology/spouse	http://dbpedia.org/resource/Simon_Monjack	1984	2006	1420	1
http://dbpedia.org/resource/Brittany_Murphy	http://dbpedia.org/ontology/spouse	http://dbpedia.org/resource/Simon_Monjack	1984	2006	1500	1
http://dbpedia.org/resource/Brittany_Murphy	http://dbpedia.org/ontology/spouse	http://dbpedia.org/resource/Simon_Monjack	1984	2006	1740	1
http://dbpedia.org/resource/Brittany_Murphy	http://dbpedia.org/ontology/spouse	http://dbpedia.org/resource/Simon_Monjack	1984	2006	1854	1
http://dbpedia.org/resource/Brittany_Murphy	http://dbpedia.org/ontology/spouse	http://dbpedia.org/resource/Simon_Monjack	1984	2006	1899	1
http://dbpedia.org/resource/Brittany_Murphy	http://dbpedia.org/ontology/spouse	http://dbpedia.org/resource/Simon_Monjack	1984	2006	1908	1
http://dbpedia.org/resource/Brittany_Murphy	http://dbpedia.org/ontology/spouse	http://dbpedia.org/resource/Simon_Monjack	1984	2006	1911	1
http://dbpedia.org/resource/Brittany_Murphy	http://dbpedia.org/ontology/spouse	http://dbpedia.org/resource/Simon_Monjack	1984	2006	1925	1
http://dbpedia.org/resource/Brittany_Murphy	http://dbpedia.org/ontology/spouse	http://dbpedia.org/resource/Simon_Monjack	1984	2006	1939	1
http://dbpedia.org/resource/Brittany_Murphy	http://dbpedia.org/ontology/spouse	http://dbpedia.org/resource/Simon_Monjack	1984	2006	1942	1
http://dbpedia.org/resource/Brittany_Murphy	http://dbpedia.org/ontology/spouse	http://dbpedia.org/resource/Simon_Monjack	1984	2006	1943	1
http://dbpedia.org/resource/Brittany_Murphy	http://dbpedia.org/ontology/spouse	http://dbpedia.org/resource/Simon_Monjack	1984	2006	1945	1
http://dbpedia.org/resource/Brittany_Murphy	http://dbpedia.org/ontology/spouse	http://dbpedia.org/resource/Simon_Monjack	1984	2006	1948	1
http://dbpedia.org/resource/Brittany_Murphy	http://dbpedia.org/ontology/spouse	http://dbpedia.org/resource/Simon_Monjack	1984	2006	1953	1
http://dbpedia.org/resource/Brittany_Murphy	http://dbpedia.org/ontology/spouse	http://dbpedia.org/resource/Simon_Monjack	1984	2006	1954	1
http://dbpedia.org/resource/Brittany_Murphy	http://dbpedia.org/ontology/spouse	http://dbpedia.org/resource/Simon_Monjack	1984	2006	1974	1
http://dbpedia.org/resource/Brittany_Murphy	http://dbpedia.org/ontology/spouse	http://dbpedia.org/resource/Simon_Monjack	1984	2006	1989	1
