http://dbpedia.org/resource/Glenn_Ong	http://dbpedia.org/ontology/spouse	http://dbpedia.org/resource/Jamie_Yeo	2009	2010	2010	1721
http://dbpedia.org/resource/Glenn_Ong	http://dbpedia.org/ontology/spouse	http://dbpedia.org/resource/Jamie_Yeo	2009	2010	2011	1300
http://dbpedia.org/resource/Glenn_Ong	http://dbpedia.org/ontology/spouse	http://dbpedia.org/resource/Jamie_Yeo	2009	2010	2013	1103
http://dbpedia.org/resource/Glenn_Ong	http://dbpedia.org/ontology/spouse	http://dbpedia.org/resource/Jamie_Yeo	2009	2010	2009	1056
http://dbpedia.org/resource/Glenn_Ong	http://dbpedia.org/ontology/spouse	http://dbpedia.org/resource/Jamie_Yeo	2009	2010	2012	993
http://dbpedia.org/resource/Glenn_Ong	http://dbpedia.org/ontology/spouse	http://dbpedia.org/resource/Jamie_Yeo	2009	2010	2008	979
http://dbpedia.org/resource/Glenn_Ong	http://dbpedia.org/ontology/spouse	http://dbpedia.org/resource/Jamie_Yeo	2009	2010	2006	555
http://dbpedia.org/resource/Glenn_Ong	http://dbpedia.org/ontology/spouse	http://dbpedia.org/resource/Jamie_Yeo	2009	2010	2007	410
http://dbpedia.org/resource/Glenn_Ong	http://dbpedia.org/ontology/spouse	http://dbpedia.org/resource/Jamie_Yeo	2009	2010	2005	398
http://dbpedia.org/resource/Glenn_Ong	http://dbpedia.org/ontology/spouse	http://dbpedia.org/resource/Jamie_Yeo	2009	2010	2004	335
http://dbpedia.org/resource/Glenn_Ong	http://dbpedia.org/ontology/spouse	http://dbpedia.org/resource/Jamie_Yeo	2009	2010	2003	109
http://dbpedia.org/resource/Glenn_Ong	http://dbpedia.org/ontology/spouse	http://dbpedia.org/resource/Jamie_Yeo	2009	2010	1980	54
http://dbpedia.org/resource/Glenn_Ong	http://dbpedia.org/ontology/spouse	http://dbpedia.org/resource/Jamie_Yeo	2009	2010	2002	44
http://dbpedia.org/resource/Glenn_Ong	http://dbpedia.org/ontology/spouse	http://dbpedia.org/resource/Jamie_Yeo	2009	2010	1979	43
http://dbpedia.org/resource/Glenn_Ong	http://dbpedia.org/ontology/spouse	http://dbpedia.org/resource/Jamie_Yeo	2009	2010	1965	36
http://dbpedia.org/resource/Glenn_Ong	http://dbpedia.org/ontology/spouse	http://dbpedia.org/resource/Jamie_Yeo	2009	2010	2001	34
http://dbpedia.org/resource/Glenn_Ong	http://dbpedia.org/ontology/spouse	http://dbpedia.org/resource/Jamie_Yeo	2009	2010	2000	28
http://dbpedia.org/resource/Glenn_Ong	http://dbpedia.org/ontology/spouse	http://dbpedia.org/resource/Jamie_Yeo	2009	2010	1968	20
http://dbpedia.org/resource/Glenn_Ong	http://dbpedia.org/ontology/spouse	http://dbpedia.org/resource/Jamie_Yeo	2009	2010	1969	20
http://dbpedia.org/resource/Glenn_Ong	http://dbpedia.org/ontology/spouse	http://dbpedia.org/resource/Jamie_Yeo	2009	2010	1981	19
http://dbpedia.org/resource/Glenn_Ong	http://dbpedia.org/ontology/spouse	http://dbpedia.org/resource/Jamie_Yeo	2009	2010	1984	19
http://dbpedia.org/resource/Glenn_Ong	http://dbpedia.org/ontology/spouse	http://dbpedia.org/resource/Jamie_Yeo	2009	2010	1975	18
http://dbpedia.org/resource/Glenn_Ong	http://dbpedia.org/ontology/spouse	http://dbpedia.org/resource/Jamie_Yeo	2009	2010	1999	18
http://dbpedia.org/resource/Glenn_Ong	http://dbpedia.org/ontology/spouse	http://dbpedia.org/resource/Jamie_Yeo	2009	2010	1973	17
http://dbpedia.org/resource/Glenn_Ong	http://dbpedia.org/ontology/spouse	http://dbpedia.org/resource/Jamie_Yeo	2009	2010	1964	13
http://dbpedia.org/resource/Glenn_Ong	http://dbpedia.org/ontology/spouse	http://dbpedia.org/resource/Jamie_Yeo	2009	2010	1976	13
http://dbpedia.org/resource/Glenn_Ong	http://dbpedia.org/ontology/spouse	http://dbpedia.org/resource/Jamie_Yeo	2009	2010	1977	12
http://dbpedia.org/resource/Glenn_Ong	http://dbpedia.org/ontology/spouse	http://dbpedia.org/resource/Jamie_Yeo	2009	2010	1978	12
http://dbpedia.org/resource/Glenn_Ong	http://dbpedia.org/ontology/spouse	http://dbpedia.org/resource/Jamie_Yeo	2009	2010	1996	12
http://dbpedia.org/resource/Glenn_Ong	http://dbpedia.org/ontology/spouse	http://dbpedia.org/resource/Jamie_Yeo	2009	2010	1998	9
http://dbpedia.org/resource/Glenn_Ong	http://dbpedia.org/ontology/spouse	http://dbpedia.org/resource/Jamie_Yeo	2009	2010	1437	8
http://dbpedia.org/resource/Glenn_Ong	http://dbpedia.org/ontology/spouse	http://dbpedia.org/resource/Jamie_Yeo	2009	2010	1572	8
http://dbpedia.org/resource/Glenn_Ong	http://dbpedia.org/ontology/spouse	http://dbpedia.org/resource/Jamie_Yeo	2009	2010	1650	8
http://dbpedia.org/resource/Glenn_Ong	http://dbpedia.org/ontology/spouse	http://dbpedia.org/resource/Jamie_Yeo	2009	2010	1917	8
http://dbpedia.org/resource/Glenn_Ong	http://dbpedia.org/ontology/spouse	http://dbpedia.org/resource/Jamie_Yeo	2009	2010	1962	8
http://dbpedia.org/resource/Glenn_Ong	http://dbpedia.org/ontology/spouse	http://dbpedia.org/resource/Jamie_Yeo	2009	2010	1982	8
http://dbpedia.org/resource/Glenn_Ong	http://dbpedia.org/ontology/spouse	http://dbpedia.org/resource/Jamie_Yeo	2009	2010	1923	7
http://dbpedia.org/resource/Glenn_Ong	http://dbpedia.org/ontology/spouse	http://dbpedia.org/resource/Jamie_Yeo	2009	2010	1958	7
http://dbpedia.org/resource/Glenn_Ong	http://dbpedia.org/ontology/spouse	http://dbpedia.org/resource/Jamie_Yeo	2009	2010	1476	6
http://dbpedia.org/resource/Glenn_Ong	http://dbpedia.org/ontology/spouse	http://dbpedia.org/resource/Jamie_Yeo	2009	2010	1723	6
http://dbpedia.org/resource/Glenn_Ong	http://dbpedia.org/ontology/spouse	http://dbpedia.org/resource/Jamie_Yeo	2009	2010	1957	6
http://dbpedia.org/resource/Glenn_Ong	http://dbpedia.org/ontology/spouse	http://dbpedia.org/resource/Jamie_Yeo	2009	2010	1990	6
http://dbpedia.org/resource/Glenn_Ong	http://dbpedia.org/ontology/spouse	http://dbpedia.org/resource/Jamie_Yeo	2009	2010	1992	6
http://dbpedia.org/resource/Glenn_Ong	http://dbpedia.org/ontology/spouse	http://dbpedia.org/resource/Jamie_Yeo	2009	2010	1966	5
http://dbpedia.org/resource/Glenn_Ong	http://dbpedia.org/ontology/spouse	http://dbpedia.org/resource/Jamie_Yeo	2009	2010	1970	5
http://dbpedia.org/resource/Glenn_Ong	http://dbpedia.org/ontology/spouse	http://dbpedia.org/resource/Jamie_Yeo	2009	2010	1972	5
http://dbpedia.org/resource/Glenn_Ong	http://dbpedia.org/ontology/spouse	http://dbpedia.org/resource/Jamie_Yeo	2009	2010	1993	5
http://dbpedia.org/resource/Glenn_Ong	http://dbpedia.org/ontology/spouse	http://dbpedia.org/resource/Jamie_Yeo	2009	2010	1000	4
http://dbpedia.org/resource/Glenn_Ong	http://dbpedia.org/ontology/spouse	http://dbpedia.org/resource/Jamie_Yeo	2009	2010	1005	4
http://dbpedia.org/resource/Glenn_Ong	http://dbpedia.org/ontology/spouse	http://dbpedia.org/resource/Jamie_Yeo	2009	2010	1259	4
http://dbpedia.org/resource/Glenn_Ong	http://dbpedia.org/ontology/spouse	http://dbpedia.org/resource/Jamie_Yeo	2009	2010	1523	4
http://dbpedia.org/resource/Glenn_Ong	http://dbpedia.org/ontology/spouse	http://dbpedia.org/resource/Jamie_Yeo	2009	2010	1706	4
http://dbpedia.org/resource/Glenn_Ong	http://dbpedia.org/ontology/spouse	http://dbpedia.org/resource/Jamie_Yeo	2009	2010	1959	4
http://dbpedia.org/resource/Glenn_Ong	http://dbpedia.org/ontology/spouse	http://dbpedia.org/resource/Jamie_Yeo	2009	2010	1983	4
http://dbpedia.org/resource/Glenn_Ong	http://dbpedia.org/ontology/spouse	http://dbpedia.org/resource/Jamie_Yeo	2009	2010	1987	4
http://dbpedia.org/resource/Glenn_Ong	http://dbpedia.org/ontology/spouse	http://dbpedia.org/resource/Jamie_Yeo	2009	2010	1997	4
http://dbpedia.org/resource/Glenn_Ong	http://dbpedia.org/ontology/spouse	http://dbpedia.org/resource/Jamie_Yeo	2009	2010	1282	3
http://dbpedia.org/resource/Glenn_Ong	http://dbpedia.org/ontology/spouse	http://dbpedia.org/resource/Jamie_Yeo	2009	2010	1986	3
http://dbpedia.org/resource/Glenn_Ong	http://dbpedia.org/ontology/spouse	http://dbpedia.org/resource/Jamie_Yeo	2009	2010	1994	3
http://dbpedia.org/resource/Glenn_Ong	http://dbpedia.org/ontology/spouse	http://dbpedia.org/resource/Jamie_Yeo	2009	2010	1001	2
http://dbpedia.org/resource/Glenn_Ong	http://dbpedia.org/ontology/spouse	http://dbpedia.org/resource/Jamie_Yeo	2009	2010	1065	2
http://dbpedia.org/resource/Glenn_Ong	http://dbpedia.org/ontology/spouse	http://dbpedia.org/resource/Jamie_Yeo	2009	2010	1142	2
http://dbpedia.org/resource/Glenn_Ong	http://dbpedia.org/ontology/spouse	http://dbpedia.org/resource/Jamie_Yeo	2009	2010	1157	2
http://dbpedia.org/resource/Glenn_Ong	http://dbpedia.org/ontology/spouse	http://dbpedia.org/resource/Jamie_Yeo	2009	2010	1630	2
http://dbpedia.org/resource/Glenn_Ong	http://dbpedia.org/ontology/spouse	http://dbpedia.org/resource/Jamie_Yeo	2009	2010	1637	2
http://dbpedia.org/resource/Glenn_Ong	http://dbpedia.org/ontology/spouse	http://dbpedia.org/resource/Jamie_Yeo	2009	2010	1646	2
http://dbpedia.org/resource/Glenn_Ong	http://dbpedia.org/ontology/spouse	http://dbpedia.org/resource/Jamie_Yeo	2009	2010	1952	2
http://dbpedia.org/resource/Glenn_Ong	http://dbpedia.org/ontology/spouse	http://dbpedia.org/resource/Jamie_Yeo	2009	2010	1971	2
http://dbpedia.org/resource/Glenn_Ong	http://dbpedia.org/ontology/spouse	http://dbpedia.org/resource/Jamie_Yeo	2009	2010	1985	2
http://dbpedia.org/resource/Glenn_Ong	http://dbpedia.org/ontology/spouse	http://dbpedia.org/resource/Jamie_Yeo	2009	2010	1991	2
http://dbpedia.org/resource/Glenn_Ong	http://dbpedia.org/ontology/spouse	http://dbpedia.org/resource/Jamie_Yeo	2009	2010	1995	2
http://dbpedia.org/resource/Glenn_Ong	http://dbpedia.org/ontology/spouse	http://dbpedia.org/resource/Jamie_Yeo	2009	2010	1047	1
http://dbpedia.org/resource/Glenn_Ong	http://dbpedia.org/ontology/spouse	http://dbpedia.org/resource/Jamie_Yeo	2009	2010	1136	1
http://dbpedia.org/resource/Glenn_Ong	http://dbpedia.org/ontology/spouse	http://dbpedia.org/resource/Jamie_Yeo	2009	2010	1335	1
http://dbpedia.org/resource/Glenn_Ong	http://dbpedia.org/ontology/spouse	http://dbpedia.org/resource/Jamie_Yeo	2009	2010	1416	1
http://dbpedia.org/resource/Glenn_Ong	http://dbpedia.org/ontology/spouse	http://dbpedia.org/resource/Jamie_Yeo	2009	2010	1420	1
http://dbpedia.org/resource/Glenn_Ong	http://dbpedia.org/ontology/spouse	http://dbpedia.org/resource/Jamie_Yeo	2009	2010	1500	1
http://dbpedia.org/resource/Glenn_Ong	http://dbpedia.org/ontology/spouse	http://dbpedia.org/resource/Jamie_Yeo	2009	2010	1740	1
http://dbpedia.org/resource/Glenn_Ong	http://dbpedia.org/ontology/spouse	http://dbpedia.org/resource/Jamie_Yeo	2009	2010	1854	1
http://dbpedia.org/resource/Glenn_Ong	http://dbpedia.org/ontology/spouse	http://dbpedia.org/resource/Jamie_Yeo	2009	2010	1899	1
http://dbpedia.org/resource/Glenn_Ong	http://dbpedia.org/ontology/spouse	http://dbpedia.org/resource/Jamie_Yeo	2009	2010	1908	1
http://dbpedia.org/resource/Glenn_Ong	http://dbpedia.org/ontology/spouse	http://dbpedia.org/resource/Jamie_Yeo	2009	2010	1911	1
http://dbpedia.org/resource/Glenn_Ong	http://dbpedia.org/ontology/spouse	http://dbpedia.org/resource/Jamie_Yeo	2009	2010	1925	1
http://dbpedia.org/resource/Glenn_Ong	http://dbpedia.org/ontology/spouse	http://dbpedia.org/resource/Jamie_Yeo	2009	2010	1939	1
http://dbpedia.org/resource/Glenn_Ong	http://dbpedia.org/ontology/spouse	http://dbpedia.org/resource/Jamie_Yeo	2009	2010	1942	1
http://dbpedia.org/resource/Glenn_Ong	http://dbpedia.org/ontology/spouse	http://dbpedia.org/resource/Jamie_Yeo	2009	2010	1943	1
http://dbpedia.org/resource/Glenn_Ong	http://dbpedia.org/ontology/spouse	http://dbpedia.org/resource/Jamie_Yeo	2009	2010	1945	1
http://dbpedia.org/resource/Glenn_Ong	http://dbpedia.org/ontology/spouse	http://dbpedia.org/resource/Jamie_Yeo	2009	2010	1948	1
http://dbpedia.org/resource/Glenn_Ong	http://dbpedia.org/ontology/spouse	http://dbpedia.org/resource/Jamie_Yeo	2009	2010	1953	1
http://dbpedia.org/resource/Glenn_Ong	http://dbpedia.org/ontology/spouse	http://dbpedia.org/resource/Jamie_Yeo	2009	2010	1954	1
http://dbpedia.org/resource/Glenn_Ong	http://dbpedia.org/ontology/spouse	http://dbpedia.org/resource/Jamie_Yeo	2009	2010	1974	1
http://dbpedia.org/resource/Glenn_Ong	http://dbpedia.org/ontology/spouse	http://dbpedia.org/resource/Jamie_Yeo	2009	2010	1989	1
