http://dbpedia.org/resource/Craig_Conway_(actor)	http://dbpedia.org/ontology/spouse	http://dbpedia.org/resource/Jill_Halfpenny	2007	2010	2007	6
http://dbpedia.org/resource/Craig_Conway_(actor)	http://dbpedia.org/ontology/spouse	http://dbpedia.org/resource/Jill_Halfpenny	2007	2010	2011	6
http://dbpedia.org/resource/Craig_Conway_(actor)	http://dbpedia.org/ontology/spouse	http://dbpedia.org/resource/Jill_Halfpenny	2007	2010	2013	5
http://dbpedia.org/resource/Craig_Conway_(actor)	http://dbpedia.org/ontology/spouse	http://dbpedia.org/resource/Jill_Halfpenny	2007	2010	2010	3
http://dbpedia.org/resource/Craig_Conway_(actor)	http://dbpedia.org/ontology/spouse	http://dbpedia.org/resource/Jill_Halfpenny	2007	2010	2008	2
http://dbpedia.org/resource/Craig_Conway_(actor)	http://dbpedia.org/ontology/spouse	http://dbpedia.org/resource/Jill_Halfpenny	2007	2010	2005	1
