http://dbpedia.org/resource/Scarlett_Johansson	http://dbpedia.org/ontology/spouse	http://dbpedia.org/resource/Ryan_Reynolds	2008	2011	2010	355
http://dbpedia.org/resource/Scarlett_Johansson	http://dbpedia.org/ontology/spouse	http://dbpedia.org/resource/Ryan_Reynolds	2008	2011	2011	222
http://dbpedia.org/resource/Scarlett_Johansson	http://dbpedia.org/ontology/spouse	http://dbpedia.org/resource/Ryan_Reynolds	2008	2011	2008	195
http://dbpedia.org/resource/Scarlett_Johansson	http://dbpedia.org/ontology/spouse	http://dbpedia.org/resource/Ryan_Reynolds	2008	2011	2012	191
http://dbpedia.org/resource/Scarlett_Johansson	http://dbpedia.org/ontology/spouse	http://dbpedia.org/resource/Ryan_Reynolds	2008	2011	2009	143
http://dbpedia.org/resource/Scarlett_Johansson	http://dbpedia.org/ontology/spouse	http://dbpedia.org/resource/Ryan_Reynolds	2008	2011	2013	113
http://dbpedia.org/resource/Scarlett_Johansson	http://dbpedia.org/ontology/spouse	http://dbpedia.org/resource/Ryan_Reynolds	2008	2011	2007	75
http://dbpedia.org/resource/Scarlett_Johansson	http://dbpedia.org/ontology/spouse	http://dbpedia.org/resource/Ryan_Reynolds	2008	2011	2004	69
http://dbpedia.org/resource/Scarlett_Johansson	http://dbpedia.org/ontology/spouse	http://dbpedia.org/resource/Ryan_Reynolds	2008	2011	2005	62
http://dbpedia.org/resource/Scarlett_Johansson	http://dbpedia.org/ontology/spouse	http://dbpedia.org/resource/Ryan_Reynolds	2008	2011	2006	46
http://dbpedia.org/resource/Scarlett_Johansson	http://dbpedia.org/ontology/spouse	http://dbpedia.org/resource/Ryan_Reynolds	2008	2011	2003	24
http://dbpedia.org/resource/Scarlett_Johansson	http://dbpedia.org/ontology/spouse	http://dbpedia.org/resource/Ryan_Reynolds	2008	2011	1980	22
http://dbpedia.org/resource/Scarlett_Johansson	http://dbpedia.org/ontology/spouse	http://dbpedia.org/resource/Ryan_Reynolds	2008	2011	2002	14
http://dbpedia.org/resource/Scarlett_Johansson	http://dbpedia.org/ontology/spouse	http://dbpedia.org/resource/Ryan_Reynolds	2008	2011	1969	12
http://dbpedia.org/resource/Scarlett_Johansson	http://dbpedia.org/ontology/spouse	http://dbpedia.org/resource/Ryan_Reynolds	2008	2011	1572	8
http://dbpedia.org/resource/Scarlett_Johansson	http://dbpedia.org/ontology/spouse	http://dbpedia.org/resource/Ryan_Reynolds	2008	2011	1958	7
http://dbpedia.org/resource/Scarlett_Johansson	http://dbpedia.org/ontology/spouse	http://dbpedia.org/resource/Ryan_Reynolds	2008	2011	2000	5
http://dbpedia.org/resource/Scarlett_Johansson	http://dbpedia.org/ontology/spouse	http://dbpedia.org/resource/Ryan_Reynolds	2008	2011	2001	5
http://dbpedia.org/resource/Scarlett_Johansson	http://dbpedia.org/ontology/spouse	http://dbpedia.org/resource/Ryan_Reynolds	2008	2011	1523	4
http://dbpedia.org/resource/Scarlett_Johansson	http://dbpedia.org/ontology/spouse	http://dbpedia.org/resource/Ryan_Reynolds	2008	2011	1976	4
http://dbpedia.org/resource/Scarlett_Johansson	http://dbpedia.org/ontology/spouse	http://dbpedia.org/resource/Ryan_Reynolds	2008	2011	1978	4
http://dbpedia.org/resource/Scarlett_Johansson	http://dbpedia.org/ontology/spouse	http://dbpedia.org/resource/Ryan_Reynolds	2008	2011	1983	4
http://dbpedia.org/resource/Scarlett_Johansson	http://dbpedia.org/ontology/spouse	http://dbpedia.org/resource/Ryan_Reynolds	2008	2011	1998	4
http://dbpedia.org/resource/Scarlett_Johansson	http://dbpedia.org/ontology/spouse	http://dbpedia.org/resource/Ryan_Reynolds	2008	2011	1968	3
http://dbpedia.org/resource/Scarlett_Johansson	http://dbpedia.org/ontology/spouse	http://dbpedia.org/resource/Ryan_Reynolds	2008	2011	1981	3
http://dbpedia.org/resource/Scarlett_Johansson	http://dbpedia.org/ontology/spouse	http://dbpedia.org/resource/Ryan_Reynolds	2008	2011	1142	2
http://dbpedia.org/resource/Scarlett_Johansson	http://dbpedia.org/ontology/spouse	http://dbpedia.org/resource/Ryan_Reynolds	2008	2011	1157	2
http://dbpedia.org/resource/Scarlett_Johansson	http://dbpedia.org/ontology/spouse	http://dbpedia.org/resource/Ryan_Reynolds	2008	2011	1970	2
http://dbpedia.org/resource/Scarlett_Johansson	http://dbpedia.org/ontology/spouse	http://dbpedia.org/resource/Ryan_Reynolds	2008	2011	1972	2
http://dbpedia.org/resource/Scarlett_Johansson	http://dbpedia.org/ontology/spouse	http://dbpedia.org/resource/Ryan_Reynolds	2008	2011	1975	2
http://dbpedia.org/resource/Scarlett_Johansson	http://dbpedia.org/ontology/spouse	http://dbpedia.org/resource/Ryan_Reynolds	2008	2011	1997	2
http://dbpedia.org/resource/Scarlett_Johansson	http://dbpedia.org/ontology/spouse	http://dbpedia.org/resource/Ryan_Reynolds	2008	2011	1999	2
http://dbpedia.org/resource/Scarlett_Johansson	http://dbpedia.org/ontology/spouse	http://dbpedia.org/resource/Ryan_Reynolds	2008	2011	1335	1
http://dbpedia.org/resource/Scarlett_Johansson	http://dbpedia.org/ontology/spouse	http://dbpedia.org/resource/Ryan_Reynolds	2008	2011	1416	1
http://dbpedia.org/resource/Scarlett_Johansson	http://dbpedia.org/ontology/spouse	http://dbpedia.org/resource/Ryan_Reynolds	2008	2011	1420	1
http://dbpedia.org/resource/Scarlett_Johansson	http://dbpedia.org/ontology/spouse	http://dbpedia.org/resource/Ryan_Reynolds	2008	2011	1908	1
http://dbpedia.org/resource/Scarlett_Johansson	http://dbpedia.org/ontology/spouse	http://dbpedia.org/resource/Ryan_Reynolds	2008	2011	1911	1
http://dbpedia.org/resource/Scarlett_Johansson	http://dbpedia.org/ontology/spouse	http://dbpedia.org/resource/Ryan_Reynolds	2008	2011	1925	1
http://dbpedia.org/resource/Scarlett_Johansson	http://dbpedia.org/ontology/spouse	http://dbpedia.org/resource/Ryan_Reynolds	2008	2011	1948	1
http://dbpedia.org/resource/Scarlett_Johansson	http://dbpedia.org/ontology/spouse	http://dbpedia.org/resource/Ryan_Reynolds	2008	2011	1953	1
http://dbpedia.org/resource/Scarlett_Johansson	http://dbpedia.org/ontology/spouse	http://dbpedia.org/resource/Ryan_Reynolds	2008	2011	1954	1
http://dbpedia.org/resource/Scarlett_Johansson	http://dbpedia.org/ontology/spouse	http://dbpedia.org/resource/Ryan_Reynolds	2008	2011	1973	1
http://dbpedia.org/resource/Scarlett_Johansson	http://dbpedia.org/ontology/spouse	http://dbpedia.org/resource/Ryan_Reynolds	2008	2011	1974	1
http://dbpedia.org/resource/Scarlett_Johansson	http://dbpedia.org/ontology/spouse	http://dbpedia.org/resource/Ryan_Reynolds	2008	2011	1984	1
http://dbpedia.org/resource/Scarlett_Johansson	http://dbpedia.org/ontology/spouse	http://dbpedia.org/resource/Ryan_Reynolds	2008	2011	1987	1
http://dbpedia.org/resource/Scarlett_Johansson	http://dbpedia.org/ontology/spouse	http://dbpedia.org/resource/Ryan_Reynolds	2008	2011	1990	1
http://dbpedia.org/resource/Scarlett_Johansson	http://dbpedia.org/ontology/spouse	http://dbpedia.org/resource/Ryan_Reynolds	2008	2011	1994	1
