null	http://dbpedia.org/ontology/team	null	2008	2008	2008	80
null	http://dbpedia.org/ontology/team	null	2008	2008	2009	69
null	http://dbpedia.org/ontology/team	null	2008	2008	2005	17
null	http://dbpedia.org/ontology/team	null	2008	2008	2007	8
null	http://dbpedia.org/ontology/team	null	2008	2008	2006	5
null	http://dbpedia.org/ontology/team	null	2008	2008	1968	4
null	http://dbpedia.org/ontology/team	null	2008	2008	2013	4
null	http://dbpedia.org/ontology/team	null	2008	2008	1980	2
null	http://dbpedia.org/ontology/team	null	2008	2008	1089	1
