null	http://dbpedia.org/ontology/spouse	http://dbpedia.org/resource/John_Enos_III	2006	2012	2010	1154
null	http://dbpedia.org/ontology/spouse	http://dbpedia.org/resource/John_Enos_III	2006	2012	2011	869
null	http://dbpedia.org/ontology/spouse	http://dbpedia.org/resource/John_Enos_III	2006	2012	2008	727
null	http://dbpedia.org/ontology/spouse	http://dbpedia.org/resource/John_Enos_III	2006	2012	2013	708
null	http://dbpedia.org/ontology/spouse	http://dbpedia.org/resource/John_Enos_III	2006	2012	2009	558
null	http://dbpedia.org/ontology/spouse	http://dbpedia.org/resource/John_Enos_III	2006	2012	2012	525
null	http://dbpedia.org/ontology/spouse	http://dbpedia.org/resource/John_Enos_III	2006	2012	2006	378
null	http://dbpedia.org/ontology/spouse	http://dbpedia.org/resource/John_Enos_III	2006	2012	2005	294
null	http://dbpedia.org/ontology/spouse	http://dbpedia.org/resource/John_Enos_III	2006	2012	2004	266
null	http://dbpedia.org/ontology/spouse	http://dbpedia.org/resource/John_Enos_III	2006	2012	2007	230
null	http://dbpedia.org/ontology/spouse	http://dbpedia.org/resource/John_Enos_III	2006	2012	2003	99
null	http://dbpedia.org/ontology/spouse	http://dbpedia.org/resource/John_Enos_III	2006	2012	2002	40
null	http://dbpedia.org/ontology/spouse	http://dbpedia.org/resource/John_Enos_III	2006	2012	1965	36
null	http://dbpedia.org/ontology/spouse	http://dbpedia.org/resource/John_Enos_III	2006	2012	1979	35
null	http://dbpedia.org/ontology/spouse	http://dbpedia.org/resource/John_Enos_III	2006	2012	1980	26
null	http://dbpedia.org/ontology/spouse	http://dbpedia.org/resource/John_Enos_III	2006	2012	2001	22
null	http://dbpedia.org/ontology/spouse	http://dbpedia.org/resource/John_Enos_III	2006	2012	1968	19
null	http://dbpedia.org/ontology/spouse	http://dbpedia.org/resource/John_Enos_III	2006	2012	1981	19
null	http://dbpedia.org/ontology/spouse	http://dbpedia.org/resource/John_Enos_III	2006	2012	1969	18
null	http://dbpedia.org/ontology/spouse	http://dbpedia.org/resource/John_Enos_III	2006	2012	2000	18
null	http://dbpedia.org/ontology/spouse	http://dbpedia.org/resource/John_Enos_III	2006	2012	1999	16
null	http://dbpedia.org/ontology/spouse	http://dbpedia.org/resource/John_Enos_III	2006	2012	1964	13
null	http://dbpedia.org/ontology/spouse	http://dbpedia.org/resource/John_Enos_III	2006	2012	1978	12
null	http://dbpedia.org/ontology/spouse	http://dbpedia.org/resource/John_Enos_III	2006	2012	1977	11
null	http://dbpedia.org/ontology/spouse	http://dbpedia.org/resource/John_Enos_III	2006	2012	1984	11
null	http://dbpedia.org/ontology/spouse	http://dbpedia.org/resource/John_Enos_III	2006	2012	1973	9
null	http://dbpedia.org/ontology/spouse	http://dbpedia.org/resource/John_Enos_III	2006	2012	1976	9
null	http://dbpedia.org/ontology/spouse	http://dbpedia.org/resource/John_Enos_III	2006	2012	1437	8
null	http://dbpedia.org/ontology/spouse	http://dbpedia.org/resource/John_Enos_III	2006	2012	1572	8
null	http://dbpedia.org/ontology/spouse	http://dbpedia.org/resource/John_Enos_III	2006	2012	1917	8
null	http://dbpedia.org/ontology/spouse	http://dbpedia.org/resource/John_Enos_III	2006	2012	1962	8
null	http://dbpedia.org/ontology/spouse	http://dbpedia.org/resource/John_Enos_III	2006	2012	1923	7
null	http://dbpedia.org/ontology/spouse	http://dbpedia.org/resource/John_Enos_III	2006	2012	1958	7
null	http://dbpedia.org/ontology/spouse	http://dbpedia.org/resource/John_Enos_III	2006	2012	1998	7
null	http://dbpedia.org/ontology/spouse	http://dbpedia.org/resource/John_Enos_III	2006	2012	1990	6
null	http://dbpedia.org/ontology/spouse	http://dbpedia.org/resource/John_Enos_III	2006	2012	1992	6
null	http://dbpedia.org/ontology/spouse	http://dbpedia.org/resource/John_Enos_III	2006	2012	1966	5
null	http://dbpedia.org/ontology/spouse	http://dbpedia.org/resource/John_Enos_III	2006	2012	1970	5
null	http://dbpedia.org/ontology/spouse	http://dbpedia.org/resource/John_Enos_III	2006	2012	1972	5
null	http://dbpedia.org/ontology/spouse	http://dbpedia.org/resource/John_Enos_III	2006	2012	1993	5
null	http://dbpedia.org/ontology/spouse	http://dbpedia.org/resource/John_Enos_III	2006	2012	1523	4
null	http://dbpedia.org/ontology/spouse	http://dbpedia.org/resource/John_Enos_III	2006	2012	1959	4
null	http://dbpedia.org/ontology/spouse	http://dbpedia.org/resource/John_Enos_III	2006	2012	1983	4
null	http://dbpedia.org/ontology/spouse	http://dbpedia.org/resource/John_Enos_III	2006	2012	1997	4
null	http://dbpedia.org/ontology/spouse	http://dbpedia.org/resource/John_Enos_III	2006	2012	1282	3
null	http://dbpedia.org/ontology/spouse	http://dbpedia.org/resource/John_Enos_III	2006	2012	1982	3
null	http://dbpedia.org/ontology/spouse	http://dbpedia.org/resource/John_Enos_III	2006	2012	1994	3
null	http://dbpedia.org/ontology/spouse	http://dbpedia.org/resource/John_Enos_III	2006	2012	1001	2
null	http://dbpedia.org/ontology/spouse	http://dbpedia.org/resource/John_Enos_III	2006	2012	1065	2
null	http://dbpedia.org/ontology/spouse	http://dbpedia.org/resource/John_Enos_III	2006	2012	1142	2
null	http://dbpedia.org/ontology/spouse	http://dbpedia.org/resource/John_Enos_III	2006	2012	1157	2
null	http://dbpedia.org/ontology/spouse	http://dbpedia.org/resource/John_Enos_III	2006	2012	1630	2
null	http://dbpedia.org/ontology/spouse	http://dbpedia.org/resource/John_Enos_III	2006	2012	1637	2
null	http://dbpedia.org/ontology/spouse	http://dbpedia.org/resource/John_Enos_III	2006	2012	1723	2
null	http://dbpedia.org/ontology/spouse	http://dbpedia.org/resource/John_Enos_III	2006	2012	1952	2
null	http://dbpedia.org/ontology/spouse	http://dbpedia.org/resource/John_Enos_III	2006	2012	1971	2
null	http://dbpedia.org/ontology/spouse	http://dbpedia.org/resource/John_Enos_III	2006	2012	1975	2
null	http://dbpedia.org/ontology/spouse	http://dbpedia.org/resource/John_Enos_III	2006	2012	1991	2
null	http://dbpedia.org/ontology/spouse	http://dbpedia.org/resource/John_Enos_III	2006	2012	1995	2
null	http://dbpedia.org/ontology/spouse	http://dbpedia.org/resource/John_Enos_III	2006	2012	1335	1
null	http://dbpedia.org/ontology/spouse	http://dbpedia.org/resource/John_Enos_III	2006	2012	1416	1
null	http://dbpedia.org/ontology/spouse	http://dbpedia.org/resource/John_Enos_III	2006	2012	1420	1
null	http://dbpedia.org/ontology/spouse	http://dbpedia.org/resource/John_Enos_III	2006	2012	1500	1
null	http://dbpedia.org/ontology/spouse	http://dbpedia.org/resource/John_Enos_III	2006	2012	1740	1
null	http://dbpedia.org/ontology/spouse	http://dbpedia.org/resource/John_Enos_III	2006	2012	1854	1
null	http://dbpedia.org/ontology/spouse	http://dbpedia.org/resource/John_Enos_III	2006	2012	1908	1
null	http://dbpedia.org/ontology/spouse	http://dbpedia.org/resource/John_Enos_III	2006	2012	1911	1
null	http://dbpedia.org/ontology/spouse	http://dbpedia.org/resource/John_Enos_III	2006	2012	1925	1
null	http://dbpedia.org/ontology/spouse	http://dbpedia.org/resource/John_Enos_III	2006	2012	1939	1
null	http://dbpedia.org/ontology/spouse	http://dbpedia.org/resource/John_Enos_III	2006	2012	1942	1
null	http://dbpedia.org/ontology/spouse	http://dbpedia.org/resource/John_Enos_III	2006	2012	1943	1
null	http://dbpedia.org/ontology/spouse	http://dbpedia.org/resource/John_Enos_III	2006	2012	1948	1
null	http://dbpedia.org/ontology/spouse	http://dbpedia.org/resource/John_Enos_III	2006	2012	1953	1
null	http://dbpedia.org/ontology/spouse	http://dbpedia.org/resource/John_Enos_III	2006	2012	1954	1
null	http://dbpedia.org/ontology/spouse	http://dbpedia.org/resource/John_Enos_III	2006	2012	1974	1
null	http://dbpedia.org/ontology/spouse	http://dbpedia.org/resource/John_Enos_III	2006	2012	1987	1
null	http://dbpedia.org/ontology/spouse	http://dbpedia.org/resource/John_Enos_III	2006	2012	1989	1
null	http://dbpedia.org/ontology/spouse	http://dbpedia.org/resource/John_Enos_III	2006	2012	1996	1
