http://dbpedia.org/resource/Gabriel_Aubry	http://dbpedia.org/ontology/spouse	http://dbpedia.org/resource/Halle_Berry	2005	2010	2010	1334
http://dbpedia.org/resource/Gabriel_Aubry	http://dbpedia.org/ontology/spouse	http://dbpedia.org/resource/Halle_Berry	2005	2010	2011	993
http://dbpedia.org/resource/Gabriel_Aubry	http://dbpedia.org/ontology/spouse	http://dbpedia.org/resource/Halle_Berry	2005	2010	2013	918
http://dbpedia.org/resource/Gabriel_Aubry	http://dbpedia.org/ontology/spouse	http://dbpedia.org/resource/Halle_Berry	2005	2010	2008	888
http://dbpedia.org/resource/Gabriel_Aubry	http://dbpedia.org/ontology/spouse	http://dbpedia.org/resource/Halle_Berry	2005	2010	2009	840
http://dbpedia.org/resource/Gabriel_Aubry	http://dbpedia.org/ontology/spouse	http://dbpedia.org/resource/Halle_Berry	2005	2010	2012	784
http://dbpedia.org/resource/Gabriel_Aubry	http://dbpedia.org/ontology/spouse	http://dbpedia.org/resource/Halle_Berry	2005	2010	2006	541
http://dbpedia.org/resource/Gabriel_Aubry	http://dbpedia.org/ontology/spouse	http://dbpedia.org/resource/Halle_Berry	2005	2010	2007	354
http://dbpedia.org/resource/Gabriel_Aubry	http://dbpedia.org/ontology/spouse	http://dbpedia.org/resource/Halle_Berry	2005	2010	2005	351
http://dbpedia.org/resource/Gabriel_Aubry	http://dbpedia.org/ontology/spouse	http://dbpedia.org/resource/Halle_Berry	2005	2010	2004	309
http://dbpedia.org/resource/Gabriel_Aubry	http://dbpedia.org/ontology/spouse	http://dbpedia.org/resource/Halle_Berry	2005	2010	2003	106
http://dbpedia.org/resource/Gabriel_Aubry	http://dbpedia.org/ontology/spouse	http://dbpedia.org/resource/Halle_Berry	2005	2010	1980	52
http://dbpedia.org/resource/Gabriel_Aubry	http://dbpedia.org/ontology/spouse	http://dbpedia.org/resource/Halle_Berry	2005	2010	2002	43
http://dbpedia.org/resource/Gabriel_Aubry	http://dbpedia.org/ontology/spouse	http://dbpedia.org/resource/Halle_Berry	2005	2010	1979	39
http://dbpedia.org/resource/Gabriel_Aubry	http://dbpedia.org/ontology/spouse	http://dbpedia.org/resource/Halle_Berry	2005	2010	1965	36
http://dbpedia.org/resource/Gabriel_Aubry	http://dbpedia.org/ontology/spouse	http://dbpedia.org/resource/Halle_Berry	2005	2010	2001	25
http://dbpedia.org/resource/Gabriel_Aubry	http://dbpedia.org/ontology/spouse	http://dbpedia.org/resource/Halle_Berry	2005	2010	1968	20
http://dbpedia.org/resource/Gabriel_Aubry	http://dbpedia.org/ontology/spouse	http://dbpedia.org/resource/Halle_Berry	2005	2010	1969	20
http://dbpedia.org/resource/Gabriel_Aubry	http://dbpedia.org/ontology/spouse	http://dbpedia.org/resource/Halle_Berry	2005	2010	1981	19
http://dbpedia.org/resource/Gabriel_Aubry	http://dbpedia.org/ontology/spouse	http://dbpedia.org/resource/Halle_Berry	2005	2010	1984	19
http://dbpedia.org/resource/Gabriel_Aubry	http://dbpedia.org/ontology/spouse	http://dbpedia.org/resource/Halle_Berry	2005	2010	2000	19
http://dbpedia.org/resource/Gabriel_Aubry	http://dbpedia.org/ontology/spouse	http://dbpedia.org/resource/Halle_Berry	2005	2010	1999	18
http://dbpedia.org/resource/Gabriel_Aubry	http://dbpedia.org/ontology/spouse	http://dbpedia.org/resource/Halle_Berry	2005	2010	1964	13
http://dbpedia.org/resource/Gabriel_Aubry	http://dbpedia.org/ontology/spouse	http://dbpedia.org/resource/Halle_Berry	2005	2010	1976	13
http://dbpedia.org/resource/Gabriel_Aubry	http://dbpedia.org/ontology/spouse	http://dbpedia.org/resource/Halle_Berry	2005	2010	1978	12
http://dbpedia.org/resource/Gabriel_Aubry	http://dbpedia.org/ontology/spouse	http://dbpedia.org/resource/Halle_Berry	2005	2010	1977	11
http://dbpedia.org/resource/Gabriel_Aubry	http://dbpedia.org/ontology/spouse	http://dbpedia.org/resource/Halle_Berry	2005	2010	1973	9
http://dbpedia.org/resource/Gabriel_Aubry	http://dbpedia.org/ontology/spouse	http://dbpedia.org/resource/Halle_Berry	2005	2010	1998	9
http://dbpedia.org/resource/Gabriel_Aubry	http://dbpedia.org/ontology/spouse	http://dbpedia.org/resource/Halle_Berry	2005	2010	1437	8
http://dbpedia.org/resource/Gabriel_Aubry	http://dbpedia.org/ontology/spouse	http://dbpedia.org/resource/Halle_Berry	2005	2010	1572	8
http://dbpedia.org/resource/Gabriel_Aubry	http://dbpedia.org/ontology/spouse	http://dbpedia.org/resource/Halle_Berry	2005	2010	1650	8
http://dbpedia.org/resource/Gabriel_Aubry	http://dbpedia.org/ontology/spouse	http://dbpedia.org/resource/Halle_Berry	2005	2010	1917	8
http://dbpedia.org/resource/Gabriel_Aubry	http://dbpedia.org/ontology/spouse	http://dbpedia.org/resource/Halle_Berry	2005	2010	1962	8
http://dbpedia.org/resource/Gabriel_Aubry	http://dbpedia.org/ontology/spouse	http://dbpedia.org/resource/Halle_Berry	2005	2010	1923	7
http://dbpedia.org/resource/Gabriel_Aubry	http://dbpedia.org/ontology/spouse	http://dbpedia.org/resource/Halle_Berry	2005	2010	1958	7
http://dbpedia.org/resource/Gabriel_Aubry	http://dbpedia.org/ontology/spouse	http://dbpedia.org/resource/Halle_Berry	2005	2010	1476	6
http://dbpedia.org/resource/Gabriel_Aubry	http://dbpedia.org/ontology/spouse	http://dbpedia.org/resource/Halle_Berry	2005	2010	1990	6
http://dbpedia.org/resource/Gabriel_Aubry	http://dbpedia.org/ontology/spouse	http://dbpedia.org/resource/Halle_Berry	2005	2010	1992	6
http://dbpedia.org/resource/Gabriel_Aubry	http://dbpedia.org/ontology/spouse	http://dbpedia.org/resource/Halle_Berry	2005	2010	1966	5
http://dbpedia.org/resource/Gabriel_Aubry	http://dbpedia.org/ontology/spouse	http://dbpedia.org/resource/Halle_Berry	2005	2010	1970	5
http://dbpedia.org/resource/Gabriel_Aubry	http://dbpedia.org/ontology/spouse	http://dbpedia.org/resource/Halle_Berry	2005	2010	1972	5
http://dbpedia.org/resource/Gabriel_Aubry	http://dbpedia.org/ontology/spouse	http://dbpedia.org/resource/Halle_Berry	2005	2010	1993	5
http://dbpedia.org/resource/Gabriel_Aubry	http://dbpedia.org/ontology/spouse	http://dbpedia.org/resource/Halle_Berry	2005	2010	1996	5
http://dbpedia.org/resource/Gabriel_Aubry	http://dbpedia.org/ontology/spouse	http://dbpedia.org/resource/Halle_Berry	2005	2010	1005	4
http://dbpedia.org/resource/Gabriel_Aubry	http://dbpedia.org/ontology/spouse	http://dbpedia.org/resource/Halle_Berry	2005	2010	1523	4
http://dbpedia.org/resource/Gabriel_Aubry	http://dbpedia.org/ontology/spouse	http://dbpedia.org/resource/Halle_Berry	2005	2010	1706	4
http://dbpedia.org/resource/Gabriel_Aubry	http://dbpedia.org/ontology/spouse	http://dbpedia.org/resource/Halle_Berry	2005	2010	1959	4
http://dbpedia.org/resource/Gabriel_Aubry	http://dbpedia.org/ontology/spouse	http://dbpedia.org/resource/Halle_Berry	2005	2010	1983	4
http://dbpedia.org/resource/Gabriel_Aubry	http://dbpedia.org/ontology/spouse	http://dbpedia.org/resource/Halle_Berry	2005	2010	1997	4
http://dbpedia.org/resource/Gabriel_Aubry	http://dbpedia.org/ontology/spouse	http://dbpedia.org/resource/Halle_Berry	2005	2010	1282	3
http://dbpedia.org/resource/Gabriel_Aubry	http://dbpedia.org/ontology/spouse	http://dbpedia.org/resource/Halle_Berry	2005	2010	1975	3
http://dbpedia.org/resource/Gabriel_Aubry	http://dbpedia.org/ontology/spouse	http://dbpedia.org/resource/Halle_Berry	2005	2010	1982	3
http://dbpedia.org/resource/Gabriel_Aubry	http://dbpedia.org/ontology/spouse	http://dbpedia.org/resource/Halle_Berry	2005	2010	1994	3
http://dbpedia.org/resource/Gabriel_Aubry	http://dbpedia.org/ontology/spouse	http://dbpedia.org/resource/Halle_Berry	2005	2010	1001	2
http://dbpedia.org/resource/Gabriel_Aubry	http://dbpedia.org/ontology/spouse	http://dbpedia.org/resource/Halle_Berry	2005	2010	1065	2
http://dbpedia.org/resource/Gabriel_Aubry	http://dbpedia.org/ontology/spouse	http://dbpedia.org/resource/Halle_Berry	2005	2010	1142	2
http://dbpedia.org/resource/Gabriel_Aubry	http://dbpedia.org/ontology/spouse	http://dbpedia.org/resource/Halle_Berry	2005	2010	1157	2
http://dbpedia.org/resource/Gabriel_Aubry	http://dbpedia.org/ontology/spouse	http://dbpedia.org/resource/Halle_Berry	2005	2010	1630	2
http://dbpedia.org/resource/Gabriel_Aubry	http://dbpedia.org/ontology/spouse	http://dbpedia.org/resource/Halle_Berry	2005	2010	1637	2
http://dbpedia.org/resource/Gabriel_Aubry	http://dbpedia.org/ontology/spouse	http://dbpedia.org/resource/Halle_Berry	2005	2010	1646	2
http://dbpedia.org/resource/Gabriel_Aubry	http://dbpedia.org/ontology/spouse	http://dbpedia.org/resource/Halle_Berry	2005	2010	1723	2
http://dbpedia.org/resource/Gabriel_Aubry	http://dbpedia.org/ontology/spouse	http://dbpedia.org/resource/Halle_Berry	2005	2010	1952	2
http://dbpedia.org/resource/Gabriel_Aubry	http://dbpedia.org/ontology/spouse	http://dbpedia.org/resource/Halle_Berry	2005	2010	1971	2
http://dbpedia.org/resource/Gabriel_Aubry	http://dbpedia.org/ontology/spouse	http://dbpedia.org/resource/Halle_Berry	2005	2010	1985	2
http://dbpedia.org/resource/Gabriel_Aubry	http://dbpedia.org/ontology/spouse	http://dbpedia.org/resource/Halle_Berry	2005	2010	1987	2
http://dbpedia.org/resource/Gabriel_Aubry	http://dbpedia.org/ontology/spouse	http://dbpedia.org/resource/Halle_Berry	2005	2010	1991	2
http://dbpedia.org/resource/Gabriel_Aubry	http://dbpedia.org/ontology/spouse	http://dbpedia.org/resource/Halle_Berry	2005	2010	1995	2
http://dbpedia.org/resource/Gabriel_Aubry	http://dbpedia.org/ontology/spouse	http://dbpedia.org/resource/Halle_Berry	2005	2010	1136	1
http://dbpedia.org/resource/Gabriel_Aubry	http://dbpedia.org/ontology/spouse	http://dbpedia.org/resource/Halle_Berry	2005	2010	1335	1
http://dbpedia.org/resource/Gabriel_Aubry	http://dbpedia.org/ontology/spouse	http://dbpedia.org/resource/Halle_Berry	2005	2010	1416	1
http://dbpedia.org/resource/Gabriel_Aubry	http://dbpedia.org/ontology/spouse	http://dbpedia.org/resource/Halle_Berry	2005	2010	1420	1
http://dbpedia.org/resource/Gabriel_Aubry	http://dbpedia.org/ontology/spouse	http://dbpedia.org/resource/Halle_Berry	2005	2010	1500	1
http://dbpedia.org/resource/Gabriel_Aubry	http://dbpedia.org/ontology/spouse	http://dbpedia.org/resource/Halle_Berry	2005	2010	1740	1
http://dbpedia.org/resource/Gabriel_Aubry	http://dbpedia.org/ontology/spouse	http://dbpedia.org/resource/Halle_Berry	2005	2010	1854	1
http://dbpedia.org/resource/Gabriel_Aubry	http://dbpedia.org/ontology/spouse	http://dbpedia.org/resource/Halle_Berry	2005	2010	1908	1
http://dbpedia.org/resource/Gabriel_Aubry	http://dbpedia.org/ontology/spouse	http://dbpedia.org/resource/Halle_Berry	2005	2010	1911	1
http://dbpedia.org/resource/Gabriel_Aubry	http://dbpedia.org/ontology/spouse	http://dbpedia.org/resource/Halle_Berry	2005	2010	1925	1
http://dbpedia.org/resource/Gabriel_Aubry	http://dbpedia.org/ontology/spouse	http://dbpedia.org/resource/Halle_Berry	2005	2010	1939	1
http://dbpedia.org/resource/Gabriel_Aubry	http://dbpedia.org/ontology/spouse	http://dbpedia.org/resource/Halle_Berry	2005	2010	1942	1
http://dbpedia.org/resource/Gabriel_Aubry	http://dbpedia.org/ontology/spouse	http://dbpedia.org/resource/Halle_Berry	2005	2010	1943	1
http://dbpedia.org/resource/Gabriel_Aubry	http://dbpedia.org/ontology/spouse	http://dbpedia.org/resource/Halle_Berry	2005	2010	1948	1
http://dbpedia.org/resource/Gabriel_Aubry	http://dbpedia.org/ontology/spouse	http://dbpedia.org/resource/Halle_Berry	2005	2010	1953	1
http://dbpedia.org/resource/Gabriel_Aubry	http://dbpedia.org/ontology/spouse	http://dbpedia.org/resource/Halle_Berry	2005	2010	1954	1
http://dbpedia.org/resource/Gabriel_Aubry	http://dbpedia.org/ontology/spouse	http://dbpedia.org/resource/Halle_Berry	2005	2010	1974	1
http://dbpedia.org/resource/Gabriel_Aubry	http://dbpedia.org/ontology/spouse	http://dbpedia.org/resource/Halle_Berry	2005	2010	1986	1
http://dbpedia.org/resource/Gabriel_Aubry	http://dbpedia.org/ontology/spouse	http://dbpedia.org/resource/Halle_Berry	2005	2010	1989	1
