http://dbpedia.org/resource/Jesse_James_(customizer)	http://dbpedia.org/ontology/spouse	http://dbpedia.org/resource/Sandra_Bullock	2005	2010	2010	690
http://dbpedia.org/resource/Jesse_James_(customizer)	http://dbpedia.org/ontology/spouse	http://dbpedia.org/resource/Sandra_Bullock	2005	2010	2011	606
http://dbpedia.org/resource/Jesse_James_(customizer)	http://dbpedia.org/ontology/spouse	http://dbpedia.org/resource/Sandra_Bullock	2005	2010	2008	543
http://dbpedia.org/resource/Jesse_James_(customizer)	http://dbpedia.org/ontology/spouse	http://dbpedia.org/resource/Sandra_Bullock	2005	2010	2009	341
http://dbpedia.org/resource/Jesse_James_(customizer)	http://dbpedia.org/ontology/spouse	http://dbpedia.org/resource/Sandra_Bullock	2005	2010	2012	325
http://dbpedia.org/resource/Jesse_James_(customizer)	http://dbpedia.org/ontology/spouse	http://dbpedia.org/resource/Sandra_Bullock	2005	2010	2013	298
http://dbpedia.org/resource/Jesse_James_(customizer)	http://dbpedia.org/ontology/spouse	http://dbpedia.org/resource/Sandra_Bullock	2005	2010	2006	204
http://dbpedia.org/resource/Jesse_James_(customizer)	http://dbpedia.org/ontology/spouse	http://dbpedia.org/resource/Sandra_Bullock	2005	2010	2005	187
http://dbpedia.org/resource/Jesse_James_(customizer)	http://dbpedia.org/ontology/spouse	http://dbpedia.org/resource/Sandra_Bullock	2005	2010	2007	126
http://dbpedia.org/resource/Jesse_James_(customizer)	http://dbpedia.org/ontology/spouse	http://dbpedia.org/resource/Sandra_Bullock	2005	2010	2004	119
http://dbpedia.org/resource/Jesse_James_(customizer)	http://dbpedia.org/ontology/spouse	http://dbpedia.org/resource/Sandra_Bullock	2005	2010	2003	75
http://dbpedia.org/resource/Jesse_James_(customizer)	http://dbpedia.org/ontology/spouse	http://dbpedia.org/resource/Sandra_Bullock	2005	2010	1979	35
http://dbpedia.org/resource/Jesse_James_(customizer)	http://dbpedia.org/ontology/spouse	http://dbpedia.org/resource/Sandra_Bullock	2005	2010	2002	33
http://dbpedia.org/resource/Jesse_James_(customizer)	http://dbpedia.org/ontology/spouse	http://dbpedia.org/resource/Sandra_Bullock	2005	2010	1980	26
http://dbpedia.org/resource/Jesse_James_(customizer)	http://dbpedia.org/ontology/spouse	http://dbpedia.org/resource/Sandra_Bullock	2005	2010	1968	19
http://dbpedia.org/resource/Jesse_James_(customizer)	http://dbpedia.org/ontology/spouse	http://dbpedia.org/resource/Sandra_Bullock	2005	2010	1969	18
http://dbpedia.org/resource/Jesse_James_(customizer)	http://dbpedia.org/ontology/spouse	http://dbpedia.org/resource/Sandra_Bullock	2005	2010	2001	18
http://dbpedia.org/resource/Jesse_James_(customizer)	http://dbpedia.org/ontology/spouse	http://dbpedia.org/resource/Sandra_Bullock	2005	2010	1965	14
http://dbpedia.org/resource/Jesse_James_(customizer)	http://dbpedia.org/ontology/spouse	http://dbpedia.org/resource/Sandra_Bullock	2005	2010	1964	13
http://dbpedia.org/resource/Jesse_James_(customizer)	http://dbpedia.org/ontology/spouse	http://dbpedia.org/resource/Sandra_Bullock	2005	2010	2000	13
http://dbpedia.org/resource/Jesse_James_(customizer)	http://dbpedia.org/ontology/spouse	http://dbpedia.org/resource/Sandra_Bullock	2005	2010	1984	11
http://dbpedia.org/resource/Jesse_James_(customizer)	http://dbpedia.org/ontology/spouse	http://dbpedia.org/resource/Sandra_Bullock	2005	2010	1973	9
http://dbpedia.org/resource/Jesse_James_(customizer)	http://dbpedia.org/ontology/spouse	http://dbpedia.org/resource/Sandra_Bullock	2005	2010	1976	9
http://dbpedia.org/resource/Jesse_James_(customizer)	http://dbpedia.org/ontology/spouse	http://dbpedia.org/resource/Sandra_Bullock	2005	2010	1572	8
http://dbpedia.org/resource/Jesse_James_(customizer)	http://dbpedia.org/ontology/spouse	http://dbpedia.org/resource/Sandra_Bullock	2005	2010	1958	7
http://dbpedia.org/resource/Jesse_James_(customizer)	http://dbpedia.org/ontology/spouse	http://dbpedia.org/resource/Sandra_Bullock	2005	2010	1990	6
http://dbpedia.org/resource/Jesse_James_(customizer)	http://dbpedia.org/ontology/spouse	http://dbpedia.org/resource/Sandra_Bullock	2005	2010	1999	6
http://dbpedia.org/resource/Jesse_James_(customizer)	http://dbpedia.org/ontology/spouse	http://dbpedia.org/resource/Sandra_Bullock	2005	2010	1972	5
http://dbpedia.org/resource/Jesse_James_(customizer)	http://dbpedia.org/ontology/spouse	http://dbpedia.org/resource/Sandra_Bullock	2005	2010	1978	5
http://dbpedia.org/resource/Jesse_James_(customizer)	http://dbpedia.org/ontology/spouse	http://dbpedia.org/resource/Sandra_Bullock	2005	2010	1993	5
http://dbpedia.org/resource/Jesse_James_(customizer)	http://dbpedia.org/ontology/spouse	http://dbpedia.org/resource/Sandra_Bullock	2005	2010	1998	5
http://dbpedia.org/resource/Jesse_James_(customizer)	http://dbpedia.org/ontology/spouse	http://dbpedia.org/resource/Sandra_Bullock	2005	2010	1523	4
http://dbpedia.org/resource/Jesse_James_(customizer)	http://dbpedia.org/ontology/spouse	http://dbpedia.org/resource/Sandra_Bullock	2005	2010	1959	4
http://dbpedia.org/resource/Jesse_James_(customizer)	http://dbpedia.org/ontology/spouse	http://dbpedia.org/resource/Sandra_Bullock	2005	2010	1983	4
http://dbpedia.org/resource/Jesse_James_(customizer)	http://dbpedia.org/ontology/spouse	http://dbpedia.org/resource/Sandra_Bullock	2005	2010	1997	4
http://dbpedia.org/resource/Jesse_James_(customizer)	http://dbpedia.org/ontology/spouse	http://dbpedia.org/resource/Sandra_Bullock	2005	2010	1981	3
http://dbpedia.org/resource/Jesse_James_(customizer)	http://dbpedia.org/ontology/spouse	http://dbpedia.org/resource/Sandra_Bullock	2005	2010	1982	3
http://dbpedia.org/resource/Jesse_James_(customizer)	http://dbpedia.org/ontology/spouse	http://dbpedia.org/resource/Sandra_Bullock	2005	2010	1994	3
http://dbpedia.org/resource/Jesse_James_(customizer)	http://dbpedia.org/ontology/spouse	http://dbpedia.org/resource/Sandra_Bullock	2005	2010	1142	2
http://dbpedia.org/resource/Jesse_James_(customizer)	http://dbpedia.org/ontology/spouse	http://dbpedia.org/resource/Sandra_Bullock	2005	2010	1157	2
http://dbpedia.org/resource/Jesse_James_(customizer)	http://dbpedia.org/ontology/spouse	http://dbpedia.org/resource/Sandra_Bullock	2005	2010	1630	2
http://dbpedia.org/resource/Jesse_James_(customizer)	http://dbpedia.org/ontology/spouse	http://dbpedia.org/resource/Sandra_Bullock	2005	2010	1637	2
http://dbpedia.org/resource/Jesse_James_(customizer)	http://dbpedia.org/ontology/spouse	http://dbpedia.org/resource/Sandra_Bullock	2005	2010	1952	2
http://dbpedia.org/resource/Jesse_James_(customizer)	http://dbpedia.org/ontology/spouse	http://dbpedia.org/resource/Sandra_Bullock	2005	2010	1970	2
http://dbpedia.org/resource/Jesse_James_(customizer)	http://dbpedia.org/ontology/spouse	http://dbpedia.org/resource/Sandra_Bullock	2005	2010	1975	2
http://dbpedia.org/resource/Jesse_James_(customizer)	http://dbpedia.org/ontology/spouse	http://dbpedia.org/resource/Sandra_Bullock	2005	2010	1995	2
http://dbpedia.org/resource/Jesse_James_(customizer)	http://dbpedia.org/ontology/spouse	http://dbpedia.org/resource/Sandra_Bullock	2005	2010	1335	1
http://dbpedia.org/resource/Jesse_James_(customizer)	http://dbpedia.org/ontology/spouse	http://dbpedia.org/resource/Sandra_Bullock	2005	2010	1416	1
http://dbpedia.org/resource/Jesse_James_(customizer)	http://dbpedia.org/ontology/spouse	http://dbpedia.org/resource/Sandra_Bullock	2005	2010	1420	1
http://dbpedia.org/resource/Jesse_James_(customizer)	http://dbpedia.org/ontology/spouse	http://dbpedia.org/resource/Sandra_Bullock	2005	2010	1908	1
http://dbpedia.org/resource/Jesse_James_(customizer)	http://dbpedia.org/ontology/spouse	http://dbpedia.org/resource/Sandra_Bullock	2005	2010	1911	1
http://dbpedia.org/resource/Jesse_James_(customizer)	http://dbpedia.org/ontology/spouse	http://dbpedia.org/resource/Sandra_Bullock	2005	2010	1925	1
http://dbpedia.org/resource/Jesse_James_(customizer)	http://dbpedia.org/ontology/spouse	http://dbpedia.org/resource/Sandra_Bullock	2005	2010	1939	1
http://dbpedia.org/resource/Jesse_James_(customizer)	http://dbpedia.org/ontology/spouse	http://dbpedia.org/resource/Sandra_Bullock	2005	2010	1942	1
http://dbpedia.org/resource/Jesse_James_(customizer)	http://dbpedia.org/ontology/spouse	http://dbpedia.org/resource/Sandra_Bullock	2005	2010	1943	1
http://dbpedia.org/resource/Jesse_James_(customizer)	http://dbpedia.org/ontology/spouse	http://dbpedia.org/resource/Sandra_Bullock	2005	2010	1948	1
http://dbpedia.org/resource/Jesse_James_(customizer)	http://dbpedia.org/ontology/spouse	http://dbpedia.org/resource/Sandra_Bullock	2005	2010	1953	1
http://dbpedia.org/resource/Jesse_James_(customizer)	http://dbpedia.org/ontology/spouse	http://dbpedia.org/resource/Sandra_Bullock	2005	2010	1954	1
http://dbpedia.org/resource/Jesse_James_(customizer)	http://dbpedia.org/ontology/spouse	http://dbpedia.org/resource/Sandra_Bullock	2005	2010	1974	1
http://dbpedia.org/resource/Jesse_James_(customizer)	http://dbpedia.org/ontology/spouse	http://dbpedia.org/resource/Sandra_Bullock	2005	2010	1987	1
http://dbpedia.org/resource/Jesse_James_(customizer)	http://dbpedia.org/ontology/spouse	http://dbpedia.org/resource/Sandra_Bullock	2005	2010	1996	1
